IID;otherID;Ke_comm_ID;Status.new;Pop_Order_BP;Guido_reducing_chr.complexity;sex;yhap;yhap_short;mtDNA_Hap;To_remove;NEW_DATA;Site;have_EA_ancestry;Age_lw;Age_up;Period;Region;BELT;Northern_Group;Multiple_graves;coat_clasp;polygamous;Volume.of.graves_m3
XXX001.A1801;A1801;A1801;East_Rich;DTI_EA_elite;EA;M;N1a1a1a1a3a2 (B219);N1a;C4b6;NO;NO;East_Rich;YES;;NA;Avar;DTI;NA;NA;NA;NA;NA;NA
XXX001.A1802;A1802;A1802;East_Rich;DTI_EA_elite;EA;M;N1a1a1a1a3a (F4205);N1a;D4j5a;NO;NO;East_Rich;YES;;NA;Avar;DTI;NA;NA;NA;NA;NA;NA
XXX001.A1809;A1809;A1809;KFJ_Ped;KFJ_Ped1;LA;F;;NA;T1a1+@152;NO;NO;KFJ;YES;;NA;Avar;DTI;NA;NA;NA;NA;NA;NA
XXX001.A1810;A1810;A1810;KFJ_Ped;KFJ_Ped1;LA;F;;NA;U5b1b;NO;NO;KFJ;YES;;NA;Avar;DTI;NA;NA;NA;NA;NA;NA
XXX001.A1811;A1811;A1811;KFJ_Ped;KFJ_Ped1;MA;F;;NA;F1b1f;NO;NO;KFJ;YES;;NA;Avar;DTI;NA;NA;NA;NA;NA;NA
XXX001.A1812;A1812;A1812;KFJ_Ped;KFJ_Ped1;MA;M;N1a1a1a1a3a (F4205);N1a;F1b1f;NO;NO;KFJ;YES;;NA;Avar;DTI;NA;NA;NA;NA;NA;NA
XXX001.A1813;A1813;A1813;KFJ_Ped;KFJ_Ped1;LA;M;N1a1a1a1a3a (F4205);N1a;C4a1a4;NO;NO;KFJ;YES;;NA;Avar;DTI;NA;NA;NA;NA;NA;NA
XXX001.A1814;A1814;A1814;KFJ_Ped;KFJ_Ped1;LA;M;N1a1a1a1a3a (F4205);N1a;T1a1+@152;NO;NO;KFJ;YES;;NA;Avar;DTI;NA;NA;NA;NA;NA;NA
XXX001.A1815;A1815;A1815;KFJ_Ped;KFJ_Ped1;LA;M;N1a1a1a1a3a (F4205);N1a;C4a1a4;NO;NO;KFJ;YES;;NA;Avar;DTI;NA;NA;NA;NA;NA;NA
XXX001.A1816;A1816;A1816;KUP_East_East;KUP_EA;EA;F;N1a1a1a1a3a (F4205);NA;U5a1+@16192;NO;NO;KUP_EA;YES;;NA;Avar;DTI;NA;NA;NA;NA;NA;NA
XXX001.A1817;A1817;A1817;KUP_East_Ped1;KUP_EA;EA;M;;N1a;H8a1;NO;NO;KUP_EA;YES;;NA;Avar;DTI;NA;NA;NA;NA;NA;NA
XXX001.A1818;A1818;A1818;KUP_East_East;KUP_EA;EA;F;N1a1a1a1a3a (F4205);NA;R2+13500;NO;NO;KUP_EA;YES;;NA;Avar;DTI;NA;NA;NA;NA;NA;NA
XXX001.A1819;A1819;A1819;East_Rich;DTI_EA_elite;EA;M;N1a1a1a1a (F4218);N1a;Z1a1;NO;NO;East_Rich;YES;;NA;Avar;DTI;NA;NA;NA;NA;NA;NA
XXX001.A1823;A1823;A1823;East_Rich;DTI_EA_elite;EA;M;R1a1a1b1a2a (S205);N1a;Y1a1;NO;NO;East_Rich;YES;;NA;Avar;DTI;NA;NA;NA;NA;NA;NA
CSK001.A0101;CSK001.A0101;CSK001;CSK;NA;NA;M;E1b1b1a1b1(E-CTS3287,E-L618);E1b;U4d2;NO;NO;CSK;NA;NA;NA;Avar;Austria;NO;NO;1;NO;NO;NA
CSK002.A0101;CSK002.A0101;CSK002;CSK;NA;NA;M;E1b1b1a1b1a(E-V13);E1b;H;NO;NO;CSK;NA;NA;NA;Avar;Austria;NO;NO;1;NO;NO;NA
CSK003.A0101;CSK003.A0101;CSK003;CSK;NA;NA;M;E1b1b1a1b1a(E-V13);E1b;H;NO;NO;CSK;NA;NA;NA;Avar;Austria;NO;NO;1;NO;NO;NA
CSK004.A0101;CSK004.A0101;CSK004;CSK;NA;NA;M;E1b1b1a1b1a(E-V36,E-V13);E1b;H41a;NO;NO;CSK;NA;NA;NA;Avar;Austria;NO;NO;1;NO;NO;NA
CSK005.A0101;CSK005.A0101;CSK005;CSK;NA;NA;F;NA;NA;U5a1a2b;NO;NO;CSK;NA;NA;NA;Avar;Austria;NO;NO;1;NO;NO;NA
CSK008.A0101;CSK008.A0101;CSK008;CSK;NA;NA;F;NA;NA;X2b;NO;NO;CSK;NA;NA;NA;Avar;Austria;NO;NO;1;NO;NO;NA
CSK009.A0101;CSK009.A0101;CSK009;CSK;NA;NA;F;NA;NA;C4b1;NO;NO;CSK;NA;NA;NA;Avar;Austria;NO;NO;1;NO;NO;NA
CSK010.A0101;CSK010.A0101;CSK010;CSK;NA;NA;F;NA;NA;T2b4+152;NO;NO;CSK;NA;NA;NA;Avar;Austria;NO;NO;1;NO;NO;NA
CSK012.A0101;CSK012.A0101;CSK012;CSK;NA;NA;M;J2a1b1(J-M92);J2a;U5a1a1d;NO;NO;CSK;NA;NA;NA;Avar;Austria;NO;NO;1;NO;NO;NA
CSK013.A0101;CSK013.A0101;CSK013;CSK;NA;NA;M;J2a1b1(J-M92);J2a;H1c+152;NO;NO;CSK;NA;NA;NA;Avar;Austria;NO;NO;1;NO;NO;NA
CSK015.A0101;CSK015.A0101;CSK015;CSK;NA;NA;F;NA;NA;U1a1a2;NO;NO;CSK;NA;NA;NA;Avar;Austria;NO;NO;1;NO;NO;NA
CSK016.A0101;CSK016.A0101;CSK016;CSK;NA;NA;M;E1b1b1a1b1(E-CTS1975,E-L618);E1b;U5a1a2b;NO;NO;CSK;NA;NA;NA;Avar;Austria;NO;NO;1;NO;NO;NA
CSK017.A0101;CSK017.A0101;CSK017;CSK;NA;NA;F;NA;NA;K1c1;NO;NO;CSK;NA;NA;NA;Avar;Austria;NO;NO;1;NO;NO;NA
CSK018.A0101;CSK018.A0101;CSK018;CSK;NA;NA;F;NA;NA;K1a+195;NO;NO;CSK;NA;NA;NA;Avar;Austria;NO;NO;1;NO;NO;NA
CSK019.A0101;CSK019.A0101;CSK019;CSK;NA;NA;M;E1b1b1a1b1a(E-Page102,E-V13);E1b;U5a1a1b;NO;NO;CSK;NA;NA;NA;Avar;Austria;NO;NO;1;NO;NO;NA
CSK020.A0101;CSK020.A0101;CSK020;CSK;NA;NA;F;NA;NA;H;NO;NO;CSK;NA;NA;NA;Avar;Austria;NO;NO;1;NO;NO;NA
CSK022.A0101;CSK022.A0101;CSK022;CSK;NA;NA;F;NA;NA;T1a1;NO;NO;CSK;NA;NA;NA;Avar;Austria;NO;NO;1;NO;NO;NA
CSK023.A0101;CSK023.A0101;CSK023;CSK;NA;NA;F;NA;NA;H;NO;NO;CSK;NA;NA;NA;Avar;Austria;NO;NO;1;NO;NO;NA
CSK025.A0101;CSK025.A0101;CSK025;CSK;NA;NA;F;NA;NA;H11a1;NO;NO;CSK;NA;NA;NA;Avar;Austria;NO;NO;1;NO;NO;NA
CSK028.A0101;CSK028.A0101;CSK028;CSK;NA;NA;F;NA;NA;H1ap1;NO;NO;CSK;NA;NA;NA;Avar;Austria;NO;NO;1;NO;NO;NA
CSK029.A0101;CSK029.A0101;CSK029;CSK;NA;NA;F;NA;NA;H1a3b1;NO;NO;CSK;NA;NA;NA;Avar;Austria;NO;NO;1;NO;NO;NA
CSK030.A0101;CSK030.A0101;CSK030;CSK;NA;NA;M;I2a2a1b1(I-L702);I2a;I1a1;NO;NO;CSK;NA;NA;NA;Avar;Austria;NO;NO;1;NO;NO;NA
CSK032.A0101;CSK032.A0101;CSK032;CSK;NA;NA;M;E1b1b1a1b1(E-CTS3287,E-L618);E1b;H92;NO;NO;CSK;NA;NA;NA;Avar;Austria;NO;NO;1;NO;NO;NA
CSK034.A0101;CSK034.A0101;CSK034;CSK;NA;NA;F;NA;NA;K1b1c;NO;NO;CSK;NA;NA;NA;Avar;Austria;NO;NO;1;NO;NO;NA
CSK035.A0101;CSK035.A0101;CSK035;CSK;NA;NA;M;E1b1b1a1b1(E-CTS5291,E-L618);E1b;J1b1a2a;NO;NO;CSK;NA;NA;NA;Avar;Austria;NO;NO;1;NO;NO;NA
CSK036.A0101;CSK036.A0101;CSK036;CSK;NA;NA;M;E1b1b1a1b1a(E-V13);E1b;H7c1;NO;NO;CSK;NA;NA;NA;Avar;Austria;NO;NO;1;NO;NO;NA
CSK037.A0101;CSK037.A0101;CSK037;CSK;NA;NA;F;NA;NA;U4b;NO;NO;CSK;NA;NA;NA;Avar;Austria;NO;NO;1;NO;NO;NA
CSK038.A0101;CSK038.A0101;CSK038;CSK;NA;NA;F;NA;NA;T1a1;NO;NO;CSK;NA;NA;NA;Avar;Austria;NO;NO;1;NO;NO;NA
CSK040.A0101;CSK040.A0101;CSK040;CSK;NA;NA;F;NA;NA;H6a1a;NO;NO;CSK;NA;NA;NA;Avar;Austria;NO;NO;1;NO;NO;NA
CSK041.A0101;CSK041.A0101;CSK041;CSK;NA;NA;M;E1b1b1a1b1a(E-Page102,E-V13);E1b;U5b2a1a+16311;NO;NO;CSK;NA;NA;NA;Avar;Austria;NO;NO;1;NO;NO;NA
CSK042.A0101;CSK042.A0101;CSK042;CSK;NA;NA;M;E1b1b1a1b1a(E-V13);E1b;J2a1a1;NO;NO;CSK;NA;NA;NA;Avar;Austria;NO;NO;1;NO;NO;NA
CSK044.A0101;CSK044.A0101;CSK044;CSK;NA;NA;M;E1b1b1a1b1a(E-V13);E1b;H7c1;NO;NO;CSK;NA;NA;NA;Avar;Austria;NO;NO;1;NO;NO;NA
CSK046.A0101;CSK046.A0101;CSK046;CSK;NA;NA;M;E1b1b1a1b1(E-L618);E1b;T1a1;NO;NO;CSK;NA;NA;NA;Avar;Austria;NO;NO;1;NO;NO;NA
CSK047.A0101;CSK047.A0101;CSK047;CSK;NA;NA;M;E1b1b1a1b1(E-L618);E1b;X2k;NO;NO;CSK;NA;NA;NA;Avar;Austria;NO;NO;1;NO;NO;NA
CSK048.A0101;CSK048.A0101;CSK048;CSK;NA;NA;M;E1b1b1a1b1(E-L618);E1b;HV0c;NO;NO;CSK;NA;NA;NA;Avar;Austria;NO;NO;1;NO;NO;NA
CSK050.A0101;CSK050.A0101;CSK050;CSK;NA;NA;M;E1b1b1a1b1(E-L618);E1b;U5a1a1d;NO;NO;CSK;NA;NA;NA;Avar;Austria;NO;NO;1;NO;NO;NA
CSK051.A0101;CSK051.A0101;CSK051;CSK;NA;NA;F;NA;NA;H;NO;NO;CSK;NA;NA;NA;Avar;Austria;NO;NO;1;NO;NO;NA
CSK052.A0101;CSK052.A0101;CSK052;CSK;NA;NA;M;E1b1b1a1b1(E-L618);E1b;H101;NO;NO;CSK;NA;NA;NA;Avar;Austria;NO;NO;1;NO;NO;NA
CSK053.A0101;CSK053.A0101;CSK053;CSK;NA;NA;M;E1b1b1a1b1(E-CTS1773,E-L618);E1b;U7b;NO;NO;CSK;NA;NA;NA;Avar;Austria;NO;NO;1;NO;NO;NA
CSK056.A0101;CSK056.A0101;CSK056;CSK;NA;NA;F;NA;NA;H13a2c1;NO;NO;CSK;NA;NA;NA;Avar;Austria;NO;NO;1;NO;NO;NA
CSK057.A0101;CSK057.A0101;CSK057;CSK;NA;NA;M;E1b1b1a1b1a(E-V13);E1b;J1c4b;NO;NO;CSK;NA;NA;NA;Avar;Austria;NO;NO;1;NO;NO;NA
CSK058.A0101;CSK058.A0101;CSK058;CSK;NA;NA;M;E1b1b1a1b1a(E-V13);E1b;U5b3a2;NO;NO;CSK;NA;NA;NA;Avar;Austria;NO;NO;1;NO;NO;NA
CSK059.A0101;CSK059.A0101;CSK059;CSK;NA;NA;F;NA;NA;H1u;NO;NO;CSK;NA;NA;NA;Avar;Austria;NO;NO;1;NO;NO;NA
CSK060.A0101;CSK060.A0101;CSK060;CSK;NA;NA;F;NA;NA;H11a1;NO;NO;CSK;NA;NA;NA;Avar;Austria;NO;NO;1;NO;NO;NA
CSK061.A0101;CSK061.A0101;CSK061;CSK;NA;NA;F;NA;NA;J1c2c2a;NO;NO;CSK;NA;NA;NA;Avar;Austria;NO;NO;1;NO;NO;NA
CSK062.A0101;CSK062.A0101;CSK062;CSK;NA;NA;M;E1b1b1a1b1(E-CTS3287,E-L618);E1b;J1c1e;NO;NO;CSK;NA;NA;NA;Avar;Austria;NO;NO;1;NO;NO;NA
CSK063.A0101;CSK063.A0101;CSK063;CSK;NA;NA;F;NA;NA;U8b1b1;NO;NO;CSK;NA;NA;NA;Avar;Austria;NO;NO;1;NO;NO;NA
CSK064.A0101;CSK064.A0101;CSK064;CSK;NA;NA;F;NA;NA;H4a1;NO;NO;CSK;NA;NA;NA;Avar;Austria;NO;NO;1;NO;NO;NA
CSK067.A0101;CSK067.A0101;CSK067;CSK;NA;NA;M;E1b1b1a1b1a(E-V13);E1b;H101;NO;NO;CSK;NA;NA;NA;Avar;Austria;NO;NO;1;NO;NO;NA
CSK068.A0101;CSK068.A0101;CSK068;CSK;NA;NA;M;R1b1a2a2c1a(R-S12460,R-CTS7822);R1b;U5a2b;NO;NO;CSK;NA;NA;NA;Avar;Austria;NO;NO;1;NO;NO;NA
CSK070.A0101;CSK070.A0101;CSK070;CSK;NA;NA;F;NA;NA;I1b;NO;NO;CSK;NA;NA;NA;Avar;Austria;NO;NO;1;NO;NO;NA
CSK071.A0101;CSK071.A0101;CSK071;CSK;NA;NA;M;E1b1b1a1b1a(E-V13);E1b;K1a3;NO;NO;CSK;NA;NA;NA;Avar;Austria;NO;NO;1;NO;NO;NA
CSK073.A0101;CSK073.A0101;CSK073;CSK;NA;NA;F;NA;NA;H3h6;NO;NO;CSK;NA;NA;NA;Avar;Austria;NO;NO;1;NO;NO;NA
CSK074.A0101;CSK074.A0101;CSK074;CSK;NA;NA;F;NA;NA;T2b;NO;NO;CSK;NA;NA;NA;Avar;Austria;NO;NO;1;NO;NO;NA
CSK075.A0101;CSK075.A0101;CSK075;CSK;NA;NA;F;NA;NA;H6a1a;NO;NO;CSK;NA;NA;NA;Avar;Austria;NO;NO;1;NO;NO;NA
CSK076.A0101;CSK076.A0101;CSK076;CSK;NA;NA;F;NA;NA;U2e2a;NO;NO;CSK;NA;NA;NA;Avar;Austria;NO;NO;1;NO;NO;NA
CSK077.A0101;CSK077.A0101;CSK077;CSK;NA;NA;M;E1b1b1a1b1(E-L618);E1b;H4a1;NO;NO;CSK;NA;NA;NA;Avar;Austria;NO;NO;1;NO;NO;NA
CSK079.A0101;CSK079.A0101;CSK079;CSK;NA;NA;M;E1b1b1a1b1a(E-V13);E1b;H101;NO;NO;CSK;NA;NA;NA;Avar;Austria;NO;NO;1;NO;NO;NA
CSK080.A0101;CSK080.A0101;CSK080;CSK;NA;NA;F;NA;NA;H1k1;NO;NO;CSK;NA;NA;NA;Avar;Austria;NO;NO;1;NO;NO;NA
HNJ003.A0101;HNJ003.A0101;HNJ003;HNJ_Ped_others;HNJ_others;MA;F;NA;NA;H1ba;NO;YES;HNJ;NO;35;50;Avar;North_TT;NA;NA;NA;NA;NA;NA
HNJ010.A0101;HNJ010.A0101;HNJ010;HNJ_Ped1;HNJ_Ped1;MA;F;NA;NA;U5b1c;NO;YES;HNJ;YES;30;40;Avar;North_TT;NA;NA;NA;NA;NA;NA
HNJ011.A0101;HNJ011.A0101;HNJ011;HNJ_Ped1;HNJ_Ped1;MA;M;Q1a1b1a(Q-L715,Q-L713);Q1a;H2a1+146;NO;YES;HNJ;YES;20;25;Avar;North_TT;NA;NA;NA;NA;NA;NA
HNJ012.A0101;HNJ012.A0101;HNJ012;HNJ_Ped1;HNJ_Ped1;MA;M;Q1a1b1a(Q-L715,Q-L713);Q1a;U5b1c;NO;YES;HNJ;YES;4;5;Avar;North_TT;NA;NA;NA;NA;NA;NA
HNJ013.A0101;HNJ013.A0101;HNJ013;HNJ_Ped1;HNJ_Ped1;MA;F;NA;NA;U5b1c;NO;YES;HNJ;YES;25;35;Avar;North_TT;NA;NA;NA;NA;NA;NA
HNJ014.A0101;HNJ014.A0101;HNJ014;HNJ_Ped1;HNJ_Ped1;MA;M;Q1a1b1(Q-L712);Q1a;HV9+152;NO;YES;HNJ;YES;13;15;Avar;North_TT;NA;NA;NA;NA;NA;NA
HNJ015.A0101;HNJ015.A0101;HNJ015;HNJ_Ped1;HNJ_Ped1;MA;F;NA;NA;H2a1+146;NO;YES;HNJ;YES;20;25;Avar;North_TT;NA;NA;NA;NA;NA;NA
HNJ025.A0101;HNJ025.A0101;HNJ025;HNJ_Ped_others;HNJ_others;MA;M;E1b1b1a1b1a(E-V13);E1b;W4;NO;YES;HNJ;NO;40;50;Avar;North_TT;NA;NA;NA;NA;NA;NA
HNJ026.A0101;HNJ026.A0101;HNJ026;HNJ_Ped1;HNJ_Ped1;MA;F;NA;NA;H2a1+146;NO;YES;HNJ;YES;18;20;Avar;North_TT;NA;NA;NA;NA;NA;NA
I18222;I18222;I18222;ALBA;NO;LA;M;N1a;N1a;H8c;NO;NO;ALBA;YES;35;44;Avar;DTI;NA;NA;NA;NA;NA;NA
I18223;I18223;I18223;ALBA;NO;MA;F;N1a1a1a1a3a (Y16310, Y16219);NA;C4a1a4;NO;NO;ALBA;YES;40;49;Avar;DTI;NA;NA;NA;NA;NA;NA
I18224;I18224;I18224;ALBA;NO;MA;M;N1a;N1a;H1b1;NO;NO;ALBA;YES;35;39;Avar;DTI;NA;NA;NA;NA;NA;NA
I18225;I18225;I18225;ALBA;NO;LA;F;NA;NA;D4l2;NO;NO;ALBA;YES;30;39;Avar;DTI;NA;NA;NA;NA;NA;NA
I18742;I18742;I18742;ALBA;NO;MA;F;NA;NA;HV2a3;NO;NO;ALBA;YES;25;34;Avar;DTI;NA;NA;NA;NA;NA;NA
I18743;I18743;I18743;ALBA;DTI_EA_elite;EA;F;N1a1a1a1a3a (Y16310, Y16319);NA;G2a2;NO;NO;ALBA;YES;23;27;Avar;DTI;NA;NA;NA;NA;NA;NA
KFJ005.A0101;KFJ005.A0101;KFJ005;KFJ_Ped;KFJ_Ped1;LA;F;NA;NA;T1a1+@152;NO;YES;KFJ;YES;20;25;Avar;DTI;NA;NA;NA;NA;NA;NA
KFJ006.A0101;KFJ006.A0101;KFJ006;KFJ_Ped;KFJ_Ped1;LA;F;NA;NA;T1a1;NO;YES;KFJ;YES;1.5;2;Avar;DTI;NA;NA;NA;NA;NA;NA
KFJ007.A0101;KFJ007.A0101;KFJ007;KFJ_Ped;KFJ_Ped1;LA;M;NO1(NO-P193,NO-M214);N1a;H1b1a;NO;YES;KFJ;YES;25;30;Avar;DTI;NA;NA;NA;NA;NA;NA
KFJ008.A0101;KFJ008.A0101;KFJ008;KFJ_Unrel;KFJ_Unrel;LA;F;NA;NA;D4j5;NO;YES;KFJ;YES;65;70;Avar;DTI;NA;NA;NA;NA;NA;NA
KFJ009.A0101;KFJ009.A0101;KFJ009;KFJ_Ped;KFJ_Ped1;LA;F;NA;NA;C4a1a4;NO;YES;KFJ;YES;71;80;Avar;DTI;NA;NA;NA;NA;NA;NA
KFJ010.A0101;KFJ010.A0101;KFJ010;KFJ_Ped;KFJ_Ped1;LA;M;N1c1a(N-M178);N1a;C4a1;NO;YES;KFJ;YES;46;62;Avar;DTI;NA;NA;NA;NA;NA;NA
KFJ011.A0101;KFJ011.A0101;KFJ011;KFJ_Ped;KFJ_Ped1;LA;F;NA;NA;H1b1a;NO;YES;KFJ;YES;67;73;Avar;DTI;NA;NA;NA;NA;NA;NA
KFJ012.A0101;KFJ012.A0101;KFJ012;KFJ_Ped;KFJ_Ped1;LA;M;N1c1a(N-M178);N1a;C4a1;NO;YES;KFJ;YES;15;17;Avar;DTI;NA;NA;NA;NA;NA;NA
KFJ013.A0101;KFJ013.A0101;KFJ013;KFJ_Ped;KFJ_Ped1;LA;M;N1c1a1(N-L708);N1a;F1b1e;NO;YES;KFJ;YES;7;8;Avar;DTI;NA;NA;NA;NA;NA;NA
KFJ015.A0101;KFJ015.A0101;KFJ015;KFJ_Ped;KFJ_Ped1;LA;F;NA;NA;F1b1e;NO;YES;KFJ;YES;8;9;Avar;DTI;NA;NA;NA;NA;NA;NA
KFJ017.A0101;KFJ017.A0101;KFJ017;KFJ_Ped;KFJ_Ped1;LA;M;N1c1a1(N-L708);N1a;C4a1a4;NO;YES;KFJ;YES;40;46;Avar;DTI;NA;NA;NA;NA;NA;NA
KFJ018.A0101;KFJ018.A0101;KFJ018;KFJ_Unrel;KFJ_Unrel;LA;M;N1c1a1(N-L708);N1a;D4e5a;NO;YES;KFJ;YES;11;12;Avar;DTI;NA;NA;NA;NA;NA;NA
KFJ020.A0101;KFJ020.A0101;KFJ020;KFJ_Ped;KFJ_Ped1;LA;M;N1c(N-M2087,1);N1a;D4e5b;NO;YES;KFJ;YES;37;43;Avar;DTI;NA;NA;NA;NA;NA;NA
KFJ021.A0101;KFJ021.A0101;KFJ021;KFJ_Ped;KFJ_Ped1;LA;M;N1c1a1(N-L708);N1a;H7;NO;YES;KFJ;YES;16;18;Avar;DTI;NA;NA;NA;NA;NA;NA
KFJ022.A0101;KFJ022.A0101;KFJ022;KFJ_Ped;KFJ_Ped1;LA;F;NA;NA;C4a1a4;NO;YES;KFJ;YES;16;18;Avar;DTI;NA;NA;NA;NA;NA;NA
KFJ023.A0101;KFJ023.A0101;KFJ023;KFJ_Ped;KFJ_Ped1;LA;F;NA;NA;F1b1e;NO;YES;KFJ;YES;4;5;Avar;DTI;NA;NA;NA;NA;NA;NA
KFJ024.A0101;KFJ024.A0101;KFJ024;KFJ_Ped;KFJ_Ped1;LA;M;N1c1a1(N-L708);N1a;D4;NO;YES;KFJ;YES;10;11;Avar;DTI;NA;NA;NA;NA;NA;NA
KFJ025.A0101;KFJ025.A0101;KFJ025;KFJ_Ped;KFJ_Ped1;LA;M;N1c1a1a(N-L392);N1a;T1a1+@152;NO;YES;KFJ;YES;5;6;Avar;DTI;NA;NA;NA;NA;NA;NA
KFJ027.A0101;KFJ027.A0101;KFJ027;KFJ_Unrel;KFJ_Unrel;?;F;NA;NA;U5a2b1a;NO;YES;KFJ;YES;30;35;Avar;DTI;NA;NA;NA;NA;NA;NA
KFJ028.A0101;KFJ028.A0101;KFJ028;KFJ_Ped;KFJ_Ped1;LA;F;NA;NA;D4;NO;YES;KFJ;YES;37;46;Avar;DTI;NA;NA;NA;NA;NA;NA
KFJ029.A0101;KFJ029.A0101;KFJ029;KFJ_Ped;KFJ_Ped1;LA;F;NA;NA;G2a2;NO;YES;KFJ;YES;3;4;Avar;DTI;NA;NA;NA;NA;NA;NA
KFJ030.A0101;KFJ030.A0101;KFJ030;KFJ_Ped;KFJ_Ped1;LA;M;N1c1a1(N-L708);N1a;T1a1+@152;NO;YES;KFJ;YES;1;1,5;Avar;DTI;NA;NA;NA;NA;NA;NA
KFJ031.A0101;KFJ031.A0101;KFJ031;KFJ_Unrel;KFJ_Unrel;?;F;NA;NA;C5b1b;NO;YES;KFJ;YES;25;30;Avar;DTI;NA;NA;NA;NA;NA;NA
KFJ032.A0101;KFJ032.A0101;KFJ032;KFJ_Unrel;KFJ_Unrel;MA;F;NA;NA;G2a1g;NO;YES;KFJ;YES;28;36;Avar;DTI;NA;NA;NA;NA;NA;NA
KFJ033.A0101;KFJ033.A0101;KFJ033;KFJ_Unrel;KFJ_Unrel;?;M;N1c1a1(N-L708);N1a;D4j8;NO;YES;KFJ;YES;63;73;Avar;DTI;NA;NA;NA;NA;NA;NA
KFJ034.A0101;KFJ034.A0101;KFJ034;KFJ_Unrel;KFJ_Unrel;MA;F;NA;NA;W3b1;NO;YES;KFJ;YES;43;60;Avar;DTI;NA;NA;NA;NA;NA;NA
KFJ036.A0101;KFJ036.A0101;KFJ036;KFJ_Unrel;KFJ_Unrel;MA;F;NA;NA;G2a;NO;YES;KFJ;YES;18;20;Avar;DTI;NA;NA;NA;NA;NA;NA
KFJ038.A0101;KFJ038.A0101;KFJ038;KFJ_Unrel;KFJ_Unrel;MA;F;NA;NA;D4j11;NO;YES;KFJ;YES;15;16;Avar;DTI;NA;NA;NA;NA;NA;NA
KFJ039.A0101;KFJ039.A0101;KFJ039;KFJ_Ped;KFJ_Ped1;LA;F;NA;NA;G2a2;NO;YES;KFJ;YES;20;25;Avar;DTI;NA;NA;NA;NA;NA;NA
KFJ040.A0101;KFJ040.A0101;KFJ040;KFJ_Ped;KFJ_Ped1;LA;M;N1c1a(N-M178);N1a;C4a1a4;NO;YES;KFJ;YES;7;8;Avar;DTI;NA;NA;NA;NA;NA;NA
KFJ041.A0101;KFJ041.A0101;KFJ041;KFJ_Ped;KFJ_Ped1;LA;F;NA;NA;H1b1a;NO;YES;KFJ;YES;18;25;Avar;DTI;NA;NA;NA;NA;NA;NA
KFJ043.A0101;KFJ043.A0101;KFJ043;KFJ_Ped;KFJ_Ped1;LA;F;NA;NA;D4e5b;NO;YES;KFJ;YES;66;75;Avar;DTI;NA;NA;NA;NA;NA;NA
KFJ045.A0101;KFJ045.A0101;KFJ045;KFJ_Ped;KFJ_Ped1;LA;F;NA;NA;H1b1a;NO;YES;KFJ;YES;20;30;Avar;DTI;NA;NA;NA;NA;NA;NA
KFJ046.A0101;KFJ046.A0101;KFJ046;KFJ_Unrel;KFJ_Unrel;?;F;NA;NA;T;NO;YES;KFJ;YES;39;44;Avar;DTI;NA;NA;NA;NA;NA;NA
KFJ047.A0101;KFJ047.A0101;KFJ047;KFJ_Ped;KFJ_Ped1;LA;F;NA;NA;H1;NO;YES;KFJ;YES;inf. 1;NA;Avar;DTI;NA;NA;NA;NA;NA;NA
KFJ048.A0101;KFJ048.A0101;KFJ048;KFJ_Ped;KFJ_Ped1;LA;M;N1c1a1a(N-L392);N1a;T1a1+@152;NO;YES;KFJ;YES;9;10;Avar;DTI;NA;NA;NA;NA;NA;NA
KFJ049.A0101;KFJ049.A0101;KFJ049;KFJ_Ped;KFJ_Ped1;LA;F;NA;NA;H1;NO;YES;KFJ;YES;1;1,5;Avar;DTI;NA;NA;NA;NA;NA;NA
KFJ050.A0101;KFJ050.A0101;KFJ050;KFJ_Ped;KFJ_Ped1;LA;M;N1c1a1a(N-L392);N1a;H1;NO;YES;KFJ;YES;5;6;Avar;DTI;NA;NA;NA;NA;NA;NA
KFJ051.A0101;KFJ051.A0101;KFJ051;KFJ_Ped;KFJ_Ped1;LA;F;NA;NA;H1;NO;YES;KFJ;YES;1;1,5;Avar;DTI;NA;NA;NA;NA;NA;NA
KFJ052.A0101;KFJ052.A0101;KFJ052;KFJ_Unrel;KFJ_Unrel;?;F;NA;NA;H;NO;YES;KFJ;YES;25;34;Avar;DTI;NA;NA;NA;NA;NA;NA
KFJ053.A0101;KFJ053.A0101;KFJ053;KFJ_Ped;KFJ_Ped1;LA;F;NA;NA;T1a1+@152;NO;YES;KFJ;YES;20;25;Avar;DTI;NA;NA;NA;NA;NA;NA
KUP001.A0101;KUP001.A0101;KUP001;KUP_East_East;KUP_EA;EA;M;N1c1a1(N-L708);N1a;C4a1a;NO;YES;KUP_EA;YES;2;3;Avar;DTI;NA;NA;NA;NA;NA;NA
KUP002.A0101;KUP002.A0101;KUP002;KUP_East_East;KUP_EA;EA;M;N1c1a1(N-L708);N1a;F1b1b;NO;YES;KUP_EA;YES;52;61;Avar;DTI;NA;NA;NA;NA;NA;NA
KUP003.A0101;KUP003.A0101;KUP003;KUP_Admix;KUP_EA;EA;M;N1c1a1(N-L708);N1a;H1a;NO;YES;KUP_EA;YES;26;35;Avar;DTI;NA;NA;NA;NA;NA;NA
KUP004.A0101;KUP004.A0101;KUP004;KUP_East_East;KUP_EA;EA;F;NA;NA;W3a1;NO;YES;KUP_EA;YES;30;59;Avar;DTI;NA;NA;NA;NA;NA;NA
KUP005.A0101;KUP005.A0101;KUP005;KUP_East_Ped1;KUP_EA;EA;M;N1c1a1a(N-L392);N1a;M7c1b2b;NO;YES;KUP_EA;YES;23;39;Avar;DTI;NA;NA;NA;NA;NA;NA
KUP007.A0101;KUP007.A0101;KUP007;KUP_West_Ped1;KUP_LA;LA;F;NA;NA;H;NO;YES;KUP_LA;NO;46;51;Avar;DTI;NA;NA;NA;NA;NA;NA
KUP009.A0101;KUP009.A0101;KUP009;KUP_West_Ped2;KUP_LA;LA;M;I2a2a1b1(I-L702);I2a;W;NO;YES;KUP_LA;NO;40;80;Avar;DTI;NA;NA;NA;NA;NA;NA
KUP010.A0101;KUP010.A0101;KUP010;KUP_West_Ped1;KUP_LA;LA;M;I2a2a1b1(I-L702);I2a;H1e2;NO;YES;KUP_LA;NO;51;59;Avar;DTI;NA;NA;NA;NA;NA;NA
KUP011.A0101;KUP011.A0101;KUP011;KUP_West_Ped1;KUP_LA;LA;M;I2a2a1b1b2(I-S12195);I2a;H1e2;NO;YES;KUP_LA;NO;49;55;Avar;DTI;NA;NA;NA;NA;NA;NA
KUP012.A0101;KUP012.A0101;KUP012;KUP_West_Ped1;KUP_LA;LA;M;I2a2a1b1b2(I-Y5669,I-S12195);I2a;H7c;NO;YES;KUP_LA;NO;Mature;NA;Avar;DTI;NA;NA;NA;NA;NA;NA
KUP014.A0101;KUP014.A0101;KUP014;KUP_West;NO;?;M;I1a3a1a1b1(I-S15301);I1a;K1a+150;NO;YES;KUP_LA;NO;23;28;Avar;DTI;NA;NA;NA;NA;NA;NA
KUP015.A0101;KUP015.A0101;KUP015;KUP_West;KUP_LA;LA;M;R1a1a1b1a2b(R-CTS1211);R1a;V7b;NO;YES;KUP_LA;NO;30;59;Avar;DTI;NA;NA;NA;NA;NA;NA
KUP016.A0101;KUP016.A0101;KUP016;KUP_Admix;KUP_LA;LA;F;NA;NA;U5a1b1c1;NO;YES;KUP_LA;YES;Inf. I.;NA;Avar;DTI;NA;NA;NA;NA;NA;NA
KUP017.A0101;KUP017.A0101;KUP017;KUP_West_Ped3;KUP_LA;LA;F;NA;NA;T2b24;NO;YES;KUP_LA;NO;23;39;Avar;DTI;NA;NA;NA;NA;NA;NA
KUP018.A0101;KUP018.A0101;KUP018;KUP_West_Ped2;KUP_LA;LA;F;NA;NA;W6;NO;YES;KUP_LA;NO;30;60;Avar;DTI;NA;NA;NA;NA;NA;NA
KUP019.A0101;KUP019.A0101;KUP019;KUP_West_Ped3;KUP_LA;LA;F;NA;NA;T2b;NO;YES;KUP_LA;NO;Adult;NA;Avar;DTI;NA;NA;NA;NA;NA;NA
KUP022.A0101;KUP022.A0101;KUP022;KUP_East_Ped2;KUP_EA;EA;M;N1c1a(N-M178);N1a;D4j+(16286);NO;YES;KUP_EA;YES;40;59;Avar;DTI;NA;NA;NA;NA;NA;NA
KUP023.A0101;KUP023.A0101;KUP023;KUP_West_Ped1;KUP_LA;LA;F;NA;NA;H33;NO;YES;KUP_LA;NO;2;3;Avar;DTI;NA;NA;NA;NA;NA;NA
KUP025.A0101;KUP025.A0101;KUP025;KUP_East_East;KUP_EA;EA;M;R1a1a1b(R-Z647,R-Z645);R1a;B4b1a3a;NO;YES;KUP_EA;YES;Adult;NA;Avar;DTI;NA;NA;NA;NA;NA;NA
KUP026.A0101;KUP026.A0101;KUP026;KUP_East_Ped2;KUP_EA;EA;M;N1c1a1(N-L708);N1a;B4c1b2;NO;YES;KUP_EA;YES;23;39;Avar;DTI;NA;NA;NA;NA;NA;NA
KUP027.A0101;KUP027.A0101;KUP027;KUP_East_Ped1;KUP_EA;EA;M;N1c1a1(N-L708);N1a;M7c1b2b;NO;YES;KUP_EA;YES;0.5;NA;Avar;DTI;NA;NA;NA;NA;NA;NA
LEO004.A0101;LEO004.A0101;LEO004;LEO_Ped_1;NA;NA;F;NA;NA;NA;NO;NO;LEO;NA;NA;NA;Avar;Austria;NO;NO;1;NO;NO;1,55
LEO008.A0101;LEO008.A0101;LEO008;LEO_Ped_1;NA;NA;M;C2b1(C-F1699);C2b;D4m2a;NO;NO;LEO;NA;NA;NA;Avar;Austria;NO;NO;1;NO;NO;0,56
LEO010.A0101;LEO010.A0101;LEO010;NA;NA;NA;F;NA;NA;G2a5;NO;NO;LEO;NA;NA;NA;Avar;Austria;NO;NO;1;NO;NO;NA
LEO011.A0101;LEO011.A0101;LEO011;LEO_Rel;NA;NA;F;NA;NA;T1a1b;NO;NO;LEO;NA;NA;NA;Avar;Austria;NO;NO;1;NO;NO;0,93
LEO012.A0101;LEO012.A0101;LEO012;LEO_Rel;NA;NA;F;NA;NA;NA;NO;NO;LEO;NA;NA;NA;Avar;Austria;NO;NO;1;NO;NO;1,01
LEO014.A0101;LEO014.A0101;LEO014;LEO_Rel;NA;NA;F;NA;NA;B2b1;NO;NO;LEO;NA;NA;NA;Avar;Austria;NO;NO;1;NO;NO;0,76
LEO019.A0101;LEO019.A0101;LEO019;LEO_Ped_1;NA;NA;F;NA;NA;G3a3;NO;NO;LEO;NA;NA;NA;Avar;Austria;NO;NO;1;NO;NO;0,41
LEO020.A0101;LEO020.A0101;LEO020;LEO_Ped_1;NA;NA;M;C2b1a1b(C-F1756);C2b;D4+195;NO;NO;LEO;NA;NA;NA;Avar;Austria;YES;NO;1;NO;NO;0,45
LEO023.A0101;LEO023.A0101;LEO023;LEO_Ped_1;NA;NA;M;C2b1a1b(C-F1756);C2b;H10a;NO;NO;LEO;NA;NA;NA;Avar;Austria;YES;NO;2;NO;NO;2,75
LEO026.A0101;LEO026.A0101;LEO026;LEO_Ped_1;NA;NA;M;DE(DE-Z17404,DE-M145);DE;U4b1b1;NO;NO;LEO;NA;NA;NA;Avar;Austria;NO;NO;2;NO;NO;0,96
LEO027.A0101;LEO027.A0101;LEO027;LEO_Rel;NA;NA;F;NA;NA;C4a2a1;NO;NO;LEO;NA;NA;NA;Avar;Austria;NO;NO;1;NO;NO;0,61
LEO029.A0101;LEO029.A0101;LEO029;LEO_Ped_1;NA;NA;F;NA;NA;U2e2a1c;NO;NO;LEO;NA;NA;NA;Avar;Austria;NO;NO;1;NO;NO;0,94
LEO030.A0101;LEO030.A0101;LEO030;LEO_Rel;NA;NA;F;NA;NA;H46;NO;NO;LEO;NA;NA;NA;Avar;Austria;NO;NO;1;NO;NO;0,84
LEO033.A0101;LEO033.A0101;LEO033;LEO_Rel;NA;NA;F;NA;NA;H;NO;NO;LEO;NA;NA;NA;Avar;Austria;NO;NO;1;NO;NO;1,05
LEO034.A0101;LEO034.A0101;LEO034;LEO_Ped_1;NA;NA;M;C2b1a1b(C-F1756);C2b;NA;NO;NO;LEO;NA;NA;NA;Avar;Austria;YES;NO;1;NO;NO;1,65
LEO035.A0101;LEO035.A0101;LEO035;LEO_Ped_1;NA;NA;F;NA;NA;H;NO;NO;LEO;NA;NA;NA;Avar;Austria;NO;NO;1;NO;NO;0,69
LEO036.A0101;LEO036.A0101;LEO036;LEO_Ped_1;NA;NA;M;C2b1a1b(C-F1756);C2b;U5b2b;NO;NO;LEO;NA;NA;NA;Avar;Austria;NO;NO;1;NO;NO;0,84
LEO038.A0101;LEO038.A0101;LEO038;LEO_Ped_1;NA;NA;M;C2b1a1b1(C-F3830);C2b;H1;NO;NO;LEO;NA;NA;NA;Avar;Austria;YES;NO;1;NO;NO;1,1
LEO039.A0101;LEO039.A0101;LEO039;LEO_Ped_1;NA;NA;M;C2b1a1b1(C-F3830);C2b;NA;NO;NO;LEO;NA;NA;NA;Avar;Austria;NO;NO;1;NO;NO;0,52
LEO041.A0101;LEO041.A0101;LEO041;LEO_Rel;NA;NA;F;NA;NA;G2a2;NO;NO;LEO;NA;NA;NA;Avar;Austria;NO;NO;1;NO;NO;1,41
LEO046.A0101;LEO046.A0101;LEO046;LEO_Ped_1;NA;NA;F;NA;NA;U4b1b1;NO;NO;LEO;NA;NA;NA;Avar;Austria;NO;NO;2;NO;NO;0,83
LEO048.A0101;LEO048.A0101;LEO048;LEO_Ped_1;NA;NA;F;NA;NA;U4b1b1;NO;NO;LEO;NA;NA;NA;Avar;Austria;NO;NO;1;NO;NO;0,83
LEO049.A0101;LEO049.A0101;LEO049;LEO_Ped_1;NA;NA;M;C2b1a1b(C-F1756);C2b;D4j8;NO;NO;LEO;NA;NA;NA;Avar;Austria;YES;NO;1;NO;NO;3,76
LEO050.A0101;LEO050.A0101;LEO050;LEO_Ped_1;NA;NA;M;C2b1a1b1(C-F3830);C2b;U2e2a1c;NO;NO;LEO;NA;NA;NA;Avar;Austria;NO;NO;1;NO;YES;2,07
LEO051.A0101;LEO051.A0101;LEO051;LEO_Rel;NA;NA;F;NA;NA;M8;NO;NO;LEO;NA;NA;NA;Avar;Austria;NO;NO;1;NO;NO;2,17
LEO052.A0101;LEO052.A0101;LEO052;LEO_Ped_1;NA;NA;F;NA;NA;D4i;NO;NO;LEO;NA;NA;NA;Avar;Austria;NO;NO;1;NO;NO;1,21
LEO055.A0101;LEO055.A0101;LEO055;LEO_Ped_1;NA;NA;F;NA;NA;D4e4a;NO;NO;LEO;NA;NA;NA;Avar;Austria;NO;NO;1;NO;NO;4,22
LEO056.A0101;LEO056.A0101;LEO056;LEO_Ped_1;NA;NA;M;DE(DE-Z17404,DE-M145);DE;U5b2b;NO;NO;LEO;NA;NA;NA;Avar;Austria;NO;NO;1;NO;YES;4,22
LEO058.A0101;LEO058.A0101;LEO058;LEO_Ped_1;NA;NA;M;DE(DE-Z17404,DE-M145);DE;J1c5a;NO;NO;LEO;NA;NA;NA;Avar;Austria;YES;NO;3;NO;NO;5,85
LEO059.A0101;LEO059.A0101;LEO059;LEO_Ped_1;NA;NA;F;NA;NA;H;NO;NO;LEO;NA;NA;NA;Avar;Austria;NO;NO;3;NO;NO;5,85
LEO060.A0101;LEO060.A0101;LEO060;LEO_Ped_1;NA;NA;F;NA;NA;H;NO;NO;LEO;NA;NA;NA;Avar;Austria;NO;NO;3;YES;NO;5,85
LEO063.A0101;LEO063.A0101;LEO063;LEO_Rel;NA;NA;F;NA;NA;G2a2a;NO;NO;LEO;NA;NA;NA;Avar;Austria;NO;NO;1;NO;NO;1,33
LEO066.A0101;LEO066.A0101;LEO066;LEO_Ped_1;NA;NA;M;C2b1a1b1(C-F3830);C2b;NA;NO;NO;LEO;NA;NA;NA;Avar;Austria;NO;NO;1;NO;NO;1,04
LEO067.A0101;LEO067.A0101;LEO067;LEO_Ped_1;NA;NA;M;C2b1a1b(C-F3844,C-F1756);C2b;G3a3;NO;NO;LEO;NA;NA;NA;Avar;Austria;YES;NO;2;NO;NO;2,8
LEO068.A0101;LEO068.A0101;LEO068;LEO_Ped_1;NA;NA;M;C2b1a1b1(C-F3830);C2b;G2a2a;NO;NO;LEO;NA;NA;NA;Avar;Austria;NO;NO;1;NO;YES;2,21
LEO069.A0101;LEO069.A0101;LEO069;LEO_Ped_1;NA;NA;F;NA;NA;K1a;NO;NO;LEO;NA;NA;NA;Avar;Austria;NO;NO;1;NO;NO;0,39
LEO070.A0101;LEO070.A0101;LEO070;LEO_Ped_1;NA;NA;F;NA;NA;H1j3;NO;NO;LEO;NA;NA;NA;Avar;Austria;NO;NO;1;NO;NO;2,55
LEO071.A0101;LEO071.A0101;LEO071;LEO_Ped_1;NA;NA;M;C2b1a1b(C-F1756);C2b;NA;NO;NO;LEO;NA;NA;NA;Avar;Austria;NO;NO;1;NO;NO;0,73
LEO072.A0101;LEO072.A0101;LEO072;LEO_Ped_1;NA;NA;M;DE(DE-FGC2047,DE-M145);DE;H10a;NO;NO;LEO;NA;NA;NA;Avar;Austria;NO;NO;1;NO;NO;2,25
LEO073.A0101;LEO073.A0101;LEO073;LEO_Ped_1;NA;NA;M;C2b1a1b1(C-F3830);C2b;D4m2a;NO;NO;LEO;NA;NA;NA;Avar;Austria;NO;NO;1;NO;NO;0,91
LEO074.A0101;LEO074.A0101;LEO074;LEO_Ped_1;NA;NA;M;DE(DE-Z17404,DE-M145);NA;NA;NO;NO;LEO;NA;NA;NA;Avar;Austria;NO;NO;2;NO;NO;1,62
LEO075.A0101;LEO075.A0101;LEO075;LEO_Ped_1;NA;NA;M;DE(DE-FGC2047,DE-M145);DE;C;NO;NO;LEO;NA;NA;NA;Avar;Austria;NO;NO;2;NO;NO;1,62
LEO079.A0101;LEO079.A0101;LEO079;LEO_Ped_1;NA;NA;F;NA;NA;U2e;NO;NO;LEO;NA;NA;NA;Avar;Austria;NO;NO;1;NO;NO;1,81
LEO080.A0101;LEO080.A0101;LEO080;LEO_Ped_1;NA;NA;F;NA;NA;NA;NO;NO;LEO;NA;NA;NA;Avar;Austria;NO;NO;1;NO;NO;1,07
LEO081.A0101;LEO081.A0101;LEO081;LEO_Ped_1;NA;NA;F;NA;NA;B4b1a3a;NO;NO;LEO;NA;NA;NA;Avar;Austria;NO;NO;1;NO;NO;2,13
LEO082.A0101;LEO082.A0101;LEO082;LEO_Ped_1;NA;NA;F;NA;NA;D4f;NO;NO;LEO;NA;NA;NA;Avar;Austria;NO;NO;1;NO;NO;1,61
LEO083.A0101;LEO083.A0101;LEO083;LEO_Ped_1;NA;NA;M;C2b1a1b(C-F3844,C-F1756);C2b;H1;NO;NO;LEO;NA;NA;NA;Avar;Austria;NO;NO;2;NO;NO;1,72
LEO085.A0101;LEO085.A0101;LEO085;LEO_Ped_1;NA;NA;M;C2b1a1b1(C-F3830);C2b;D4j5a;NO;NO;LEO;NA;NA;NA;Avar;Austria;NO;NO;1;NO;NO;2,62
LEO087.A0101;LEO087.A0101;LEO087;LEO_Ped_1;NA;NA;M;DE(DE-Z17404,DE-M145);DE;D4j5a;NO;NO;LEO;NA;NA;NA;Avar;Austria;YES;NO;2;NO;NO;3,47
LEO088.A0101;LEO088.A0101;LEO088;LEO_Ped_1;NA;NA;M;DE(DE-FGC2047,DE-M145);DE;G2b2;NO;NO;LEO;NA;NA;NA;Avar;Austria;NO;NO;2;NO;NO;3,47
LEO089.A0101;LEO089.A0101;LEO089;LEO_Ped_1;NA;NA;M;DE(DE-Z17404,DE-M145);DE;F1g1;NO;NO;LEO;NA;NA;NA;Avar;Austria;YES;NO;1;NO;NO;1,37
LEO090.A0101;LEO090.A0101;LEO090;LEO_Ped_1;NA;NA;F;NA;NA;F1g1;NO;NO;LEO;NA;NA;NA;Avar;Austria;NO;NO;1;NO;NO;1,17
LEO091.A0101;LEO091.A0101;LEO091;LEO_Unrel;NA;NA;M;R1a1a1(R-M417);R1a;V1a1;NO;NO;LEO;NA;NA;NA;Avar;Austria;NO;NO;1;NO;NO;2,1
LEO093.A0101;LEO093.A0101;LEO093;LEO_Ped_1;NA;NA;M;C2b1a1b1(C-F3830);C2b;C4a1a;NO;NO;LEO;NA;NA;NA;Avar;Austria;NO;NO;1;NO;NO;1,98
LEO094.A0101;LEO094.A0101;LEO094;LEO_Ped_1;NA;NA;M;C2b1a1b1(C-F3830);C2b;H10a;NO;NO;LEO;NA;NA;NA;Avar;Austria;NO;NO;1;NO;NO;1,48
LEO095.A0101;LEO095.A0101;LEO095;LEO_Ped_1;NA;NA;M;C2b1a1b(C-F1756);C2b;D4i2;NO;NO;LEO;NA;NA;NA;Avar;Austria;NO;NO;1;NO;NO;1,79
LEO096.A0101;LEO096.A0101;LEO096;LEO_Ped_1;NA;NA;M;C2b1a1b1(C-F3830);C2b;D4e4a;NO;NO;LEO;NA;NA;NA;Avar;Austria;NO;NO;1;NO;NO;1,32
LEO097.A0101;LEO097.A0101;LEO097;LEO_Ped_1;NA;NA;M;C2b1a1b1(C-F3830);C2b;D4j5a;NO;NO;LEO;NA;NA;NA;Avar;Austria;YES;NO;1;NO;NO;5,13
LEO098.A0101;LEO098.A0101;LEO098;LEO_Ped_1;NA;NA;M;C2b1a1b1(C-F3830);C2b;J1c5a;NO;NO;LEO;NA;NA;NA;Avar;Austria;NO;NO;1;NO;NO;1,45
LEO099.A0101;LEO099.A0101;LEO099;LEO_Ped_1;NA;NA;M;C2b1a1b(C-F3844,C-F1756);C2b;D4m2a;NO;NO;LEO;NA;NA;NA;Avar;Austria;NO;NO;1;NO;NO;1,6
LEO100.A0101;LEO100.A0101;LEO100;LEO_Ped_1;NA;NA;M;C2b1a1b1(C-F3830);C2b;NA;NO;NO;LEO;NA;NA;NA;Avar;Austria;YES;NO;1;NO;NO;1,61
LEO102.A0101;LEO102.A0101;LEO102;LEO_Ped_1;NA;NA;M;C2b1a1b1(C-F3830);C2b;C4a1a+195;NO;NO;LEO;NA;NA;NA;Avar;Austria;NO;NO;1;NO;NO;1,56
LEO103.A0101;LEO103.A0101;LEO103;LEO_Rel;NA;NA;F;NA;NA;NA;NO;NO;LEO;NA;NA;NA;Avar;Austria;NO;NO;1;NO;NO;0,8
LEO104.A0101;LEO104.A0101;LEO104;LEO_Rel;NA;NA;M;C2b1a1b(C-F1756);C2b;K1a1a;NO;NO;LEO;NA;NA;NA;Avar;Austria;NO;NO;1;NO;NO;0,96
LEO105.A0101;LEO105.A0101;LEO105;LEO_Ped_1;NA;NA;M;C2b1a1b1(C-F3830);C2b;U4a2;NO;NO;LEO;NA;NA;NA;Avar;Austria;NO;NO;1;NO;NO;0,67
LEO106.A0101;LEO106.A0101;LEO106;LEO_Ped_1;NA;NA;M;C2b1a1b1(C-F3830);C2b;K1a1a;NO;NO;LEO;NA;NA;NA;Avar;Austria;NO;NO;1;NO;NO;1,17
LEO107.A0101;LEO107.A0101;LEO107;LEO_Ped_1;NA;NA;F;NA;NA;F1b1+@152;NO;NO;LEO;NA;NA;NA;Avar;Austria;NO;NO;1;NO;NO;1,04
LEO108.A0101;LEO108.A0101;LEO108;LEO_Ped_1;NA;NA;M;C2b1a1b(C-F1756);C2b;C4b1;NO;NO;LEO;NA;NA;NA;Avar;Austria;NO;NO;2;NO;NO;1,48
LEO109.A0101;LEO109.A0101;LEO109;LEO_Ped_1;NA;NA;M;C2b1a1b(C-F1756);C2b;NA;NO;NO;LEO;NA;NA;NA;Avar;Austria;YES;NO;2;NO;NO;1,95
LEO111.A0101;LEO111.A0101;LEO111;LEO_Ped_1;NA;NA;M;C2b1(C-F1699);C2b;U7b;NO;NO;LEO;NA;NA;NA;Avar;Austria;NO;NO;1;NO;NO;0,71
LEO112.A0101;LEO112.A0101;LEO112;LEO_Ped_1;NA;NA;F;NA;NA;D4f;NO;NO;LEO;NA;NA;NA;Avar;Austria;NO;NO;1;NO;NO;0,84
LEO113.A0101;LEO113.A0101;LEO113;LEO_Ped_1;NA;NA;F;NA;NA;D4i;NO;NO;LEO;NA;NA;NA;Avar;Austria;NO;NO;1;NO;NO;0,92
LEO114.A0101;LEO114.A0101;LEO114;LEO_Ped_1;NA;NA;M;DE(DE-FGC2047,DE-M145);DE;C;NO;NO;LEO;NA;NA;NA;Avar;Austria;NO;NO;1;NO;NO;1,1
LEO118.A0101;LEO118.A0101;LEO118;LEO_Ped_1;NA;NA;F;NA;NA;H1j3;NO;NO;LEO;NA;NA;NA;Avar;Austria;NO;NO;1;NO;NO;1,31
LEO120.A0101;LEO120.A0101;LEO120;LEO_Rel;NA;NA;M;O2a2b1a2a1(O-CTS11459,O-F46);O2a;H1;NO;NO;LEO;NA;NA;NA;Avar;Austria;NO;NO;1;NO;NO;0,84
LEO121.A0101;LEO121.A0101;LEO121;LEO_Ped_1;NA;NA;M;C2b1a1b1(C-F3830);C2b;T2b;NO;NO;LEO;NA;NA;NA;Avar;Austria;NO;NO;1;NO;NO;1,27
LEO124.A0101;LEO124.A0101;LEO124;LEO_Ped_1;NA;NA;F;NA;NA;U4a;NO;NO;LEO;NA;NA;NA;Avar;Austria;NO;NO;1;NO;NO;0,69
LEO125.A0101;LEO125.A0101;LEO125;LEO_Ped_1;NA;NA;F;NA;NA;H1j3;NO;NO;LEO;NA;NA;NA;Avar;Austria;NO;NO;1;NO;NO;1,22
LEO128.A0101;LEO128.A0101;LEO128;LEO_Ped_1;NA;NA;M;C2b1a1b1(C-F3830);C2b;B2b1;NO;NO;LEO;NA;NA;NA;Avar;Austria;NO;NO;1;NO;NO;1,65
LEO131.A0101;LEO131.A0101;LEO131;LEO_Ped_1;NA;NA;F;NA;NA;U4a2a;NO;NO;LEO;NA;NA;NA;Avar;Austria;NO;NO;1;NO;NO;2,64
LEO135.A0101;LEO135.A0101;LEO135;LEO_Ped_1;NA;NA;M;C2b1a1b(C-F1756);C2b;D4j7;NO;NO;LEO;NA;NA;NA;Avar;Austria;NO;NO;1;NO;NO;2,07
LEO137.A0101;LEO137.A0101;LEO137;LEO_Ped_1;NA;NA;M;C2b1a1b1(C-F3830);C2b;U5a1a1;NO;NO;LEO;NA;NA;NA;Avar;Austria;NO;NO;1;NO;NO;1,95
LEO138.A0101;LEO138.A0101;LEO138;LEO_Ped_1;NA;NA;M;C2b1a1b(C-F3844,C-F1756);C2b;U5b2b;NO;NO;LEO;NA;NA;NA;Avar;Austria;NO;NO;1;NO;NO;1,26
LEO139.A0101;LEO139.A0101;LEO139;LEO_Ped_1;NA;NA;M;C2b1a1b1(C-F3830);C2b;D4+195;NO;NO;LEO;NA;NA;NA;Avar;Austria;NO;NO;1;NO;NO;1,26
LEO140.A0101;LEO140.A0101;LEO140;LEO_Rel;NA;NA;F;NA;NA;X2b;NO;NO;LEO;NA;NA;NA;Avar;Austria;NO;NO;1;NO;NO;1,72
LEO141.A0101;LEO141.A0101;LEO141;LEO_Ped_1;NA;NA;M;C2b1a1b1(C-F3830);C2b;D4j;NO;NO;LEO;NA;NA;NA;Avar;Austria;YES;NO;2;NO;YES;5,47
LEO142.A0101;LEO142.A0101;LEO142;LEO_Ped_1;NA;NA;F;NA;NA;T1a1'3;NO;NO;LEO;NA;NA;NA;Avar;Austria;NO;NO;1;NO;NO;5,47
MGS001.A0101;MGS001.A0101;MGS001;MGS_Ped_1;NA;NA;F;NA;NA;H13a1b;NO;NO;MGS;NA;NA;NA;Avar;Austria;NO;NO;1;NO;YES;1,73
MGS002.A0101;MGS002.A0101;MGS002;MGS_Rel;NA;NA;F;NA;NA;K2b1b;NO;NO;MGS;NA;NA;NA;Avar;Austria;NO;NO;1;NO;NO;2,47
MGS003.A0101;MGS003.A0101;MGS003;MGS_Ped_1;NA;NA;M;R1a1a1b1a2b(R-CTS1211);R1a;K1a4a1a;NO;NO;MGS;NA;NA;NA;Avar;Austria;NO;NO;1;NO;NO;1,92
MGS006.A0101;MGS006.A0101;MGS006;MGS_Ped_1;NA;NA;M;E1b1b1a1b1a(E-V13);E1b;H5a1a;NO;NO;MGS;NA;NA;NA;Avar;Austria;NO;NO;1;NO;NO;1,53
MGS007.A0101;MGS007.A0101;MGS007;MGS_Rel;NA;NA;F;NA;NA;T2c1d;NO;NO;MGS;NA;NA;NA;Avar;Austria;NO;NO;1;NO;NO;2,51
MGS008.A0101;MGS008.A0101;MGS008;MGS_Ped_1;NA;NA;F;NA;NA;T1a1;NO;NO;MGS;NA;NA;NA;Avar;Austria;NO;NO;1;NO;NO;NA
MGS009.A0101;MGS009.A0101;MGS009;MGS_Ped_1;NA;NA;M;R1a1a1b(R-Z647,R-Z645);R1a;T1a1'3;NO;NO;MGS;NA;NA;NA;Avar;Austria;NO;NO;1;NO;NO;3,29
MGS010.A0101;MGS010.A0101;MGS010;MGS_Ped_1;NA;NA;M;J2a1(J-L27,J-L26);J2a;U5a1a1;NO;NO;MGS;NA;NA;NA;Avar;Austria;NO;NO;1;NO;YES;1,57
MGS012.A0101;MGS012.A0101;MGS012;MGS_Ped_1;NA;NA;M;J2a1b1(J-M92);J2a;U5a2b;NO;NO;MGS;NA;NA;NA;Avar;Austria;YES;NO;1;NO;NO;2,56
MGS013.A0101;MGS013.A0101;MGS013;MGS_Ped_1;NA;NA;M;R1a1a1b1a2b3(R-CTS3402);R1a;H5m;NO;NO;MGS;NA;NA;NA;Avar;Austria;NO;NO;1;NO;NO;2,71
MGS015.A0101;MGS015.A0101;MGS015;MGS_Rel;NA;NA;F;NA;NA;H1a3b1;NO;NO;MGS;NA;NA;NA;Avar;Austria;NO;NO;1;NO;NO;2,09
MGS016.A0101;MGS016.A0101;MGS016;MGS_Ped_1;NA;NA;F;NA;NA;D4j11;NO;NO;MGS;NA;NA;NA;Avar;Austria;NO;NO;1;NO;NO;1,44
MGS017.A0101;MGS017.A0101;MGS017;MGS_Ped_1;NA;NA;M;I2a1b2a(I-CTS10936);I2a;H40;NO;NO;MGS;NA;NA;NA;Avar;Austria;YES;NO;1;NO;NO;NA
MGS018.A0101;MGS018.A0101;MGS018;MGS_Ped_1;NA;NA;M;G2a2b2a1a1a2a(G-L1264);G2a;K1a2;NO;NO;MGS;NA;NA;NA;Avar;Austria;YES;NO;1;NO;NO;NA
MGS019.A0101;MGS019.A0101;MGS019;MGS_Ped_1;NA;NA;F;NA;NA;H2b;NO;NO;MGS;NA;NA;NA;Avar;Austria;NO;NO;1;NO;NO;NA
MGS020.A0101;MGS020.A0101;MGS020;MGS_Ped_1;NA;NA;M;R1a1a1b1a1b1(R-L1029);R1a;X2e1b;NO;NO;MGS;NA;NA;NA;Avar;Austria;NO;NO;1;NO;YES;1,78
MGS021.A0101;MGS021.A0101;MGS021;MGS_Ped_1;NA;NA;M;G2a2b2a1a1a2a(G-L1264);G2a;D4j11;NO;NO;MGS;NA;NA;NA;Avar;Austria;NO;NO;1;NO;NO;NA
MGS022.A0101;MGS022.A0101;MGS022;MGS_Ped_1;NA;NA;M;I2a1b(I-M423);I2a;K2b1b;NO;NO;MGS;NA;NA;NA;Avar;Austria;NO;NO;1;NO;NO;2,25
MGS023.A0101;MGS023.A0101;MGS023;MGS_Unrel;NA;NA;F;NA;NA;H1e1b1;NO;NO;MGS;NA;NA;NA;Avar;Austria;NO;NO;1;NO;NO;2,25
MGS024.A0101;MGS024.A0101;MGS024;MGS_Rel;NA;NA;M;J2b(J-M12);J2b;U2e1a1;NO;NO;MGS;NA;NA;NA;Avar;Austria;NO;NO;1;NO;NO;1,57
MGS025.A0101;MGS025.A0101;MGS025;MGS_Rel;NA;NA;M;J2b(J-M12);J2b;U2e1a1;NO;NO;MGS;NA;NA;NA;Avar;Austria;NO;NO;1;NO;NO;1,57
MGS026.A0101;MGS026.A0101;MGS026;MGS_Unrel;NA;NA;F;NA;NA;T2b25;NO;NO;MGS;NA;NA;NA;Avar;Austria;NO;NO;1;NO;NO;1,68
MGS027.A0101;MGS027.A0101;MGS027;MGS_Rel;NA;NA;F;NA;NA;H1b1;NO;NO;MGS;NA;NA;NA;Avar;Austria;NO;NO;1;NO;NO;2,6
MGS028.A0101;MGS028.A0101;MGS028;MGS_Ped_1;NA;NA;M;R1a1a1b1a1b1(R-L1029);R1a;H1c+152;NO;NO;MGS;NA;NA;NA;Avar;Austria;NO;NO;1;NO;NO;1,85
MGS029.A0101;MGS029.A0101;MGS029;MGS_Ped_1;NA;NA;M;R1a1a1b1a1b1(R-L1029);R1a;H1c+152;NO;NO;MGS;NA;NA;NA;Avar;Austria;NO;NO;1;NO;YES;2,17
MGS030.A0101;MGS030.A0101;MGS030;MGS_Ped_1;NA;NA;M;R1a1a1b1a1b1(R-L1029);R1a;W1i;NO;NO;MGS;NA;NA;NA;Avar;Austria;YES;NO;1;NO;NO;2,11
MGS031.A0101;MGS031.A0101;MGS031;MGS_Ped_1;NA;NA;M;R1a1a1b1a1b1(R-L1029);R1a;U3a1;NO;NO;MGS;NA;NA;NA;Avar;Austria;NO;NO;1;NO;NO;NA
MGS032.A0101;MGS032.A0101;MGS032;MGS_Rel;NA;NA;M;J1(J-M267);J1;J1b1a1;NO;NO;MGS;NA;NA;NA;Avar;Austria;NO;NO;1;NO;NO;NA
MGS033.A0101;MGS033.A0101;MGS033;MGS_Ped_2;NA;NA;M;I1a3(I-Z63);I1a;H+152;NO;NO;MGS;NA;NA;NA;Avar;Austria;NO;NO;1;NO;NO;NA
MGS034.A0101;MGS034.A0101;MGS034;MGS_Ped_1;NA;NA;M;R1a1a1b1a1b(R-CTS11962.1);R1a;T2b8;NO;NO;MGS;NA;NA;NA;Avar;Austria;NO;NO;1;NO;NO;1,02
MGS035.A0101;MGS035.A0101;MGS035;MGS_Ped_1;NA;NA;F;NA;NA;H1c+152;NO;NO;MGS;NA;NA;NA;Avar;Austria;NO;NO;1;NO;YES;2,22
MGS036.A0101;MGS036.A0101;MGS036;MGS_Ped_1;NA;NA;M;G2a2b2a1a1a2a(G-L1264);G2a;H5e1;NO;NO;MGS;NA;NA;NA;Avar;Austria;NO;NO;1;NO;NO;3,84
MGS037.A0101;MGS037.A0101;MGS037;MGS_Ped_1;NA;NA;F;NA;NA;H5e1;NO;NO;MGS;NA;NA;NA;Avar;Austria;NO;NO;1;NO;NO;2,52
MGS038.A0101;MGS038.A0101;MGS038;MGS_Ped_1;NA;NA;F;NA;NA;J2b1;NO;NO;MGS;NA;NA;NA;Avar;Austria;NO;NO;1;NO;NO;1,13
MGS039.A0101;MGS039.A0101;MGS039;MGS_Ped_1;NA;NA;F;NA;NA;H5e1;NO;NO;MGS;NA;NA;NA;Avar;Austria;NO;NO;1;NO;NO;0,44
MGS040.A0101;MGS040.A0101;MGS040;MGS_Ped_1;NA;NA;M;G2a2b2a1a1a2a(G-L1264);G2a;D4j11;NO;NO;MGS;NA;NA;NA;Avar;Austria;YES;NO;1;NO;NO;2,8
MGS044.A0101;MGS044.A0101;MGS044;MGS_Ped_1;NA;NA;F;NA;NA;H5e1;NO;NO;MGS;NA;NA;NA;Avar;Austria;NO;NO;1;NO;NO;1,2
MGS046.A0101;MGS046.A0101;MGS046;MGS_Ped_2;NA;NA;F;NA;NA;H;NO;NO;MGS;NA;NA;NA;Avar;Austria;NO;NO;1;NO;NO;1,72
MGS047.A0101;MGS047.A0101;MGS047;MGS_Rel;NA;NA;F;NA;NA;J1b1a1;NO;NO;MGS;NA;NA;NA;Avar;Austria;NO;NO;1;NO;NO;1,72
MGS049.A0101;MGS049.A0101;MGS049;MGS_Ped_2;NA;NA;M;R1b1a2a1a1b(R-Z18,R-Z19);R1b;H;NO;NO;MGS;NA;NA;NA;Avar;Austria;NO;NO;1;NO;NO;2,38
MGS050.A0101;MGS050.A0101;MGS050;MGS_Unrel;NA;NA;F;NA;NA;H5a3;NO;NO;MGS;NA;NA;NA;Avar;Austria;NO;NO;1;NO;NO;1,54
MGS051.A0101;MGS051.A0101;MGS051;MGS_Ped_1;NA;NA;M;R1b1a2a1a2b1(R-L2);R1b;U5a2b;NO;NO;MGS;NA;NA;NA;Avar;Austria;NO;NO;1;NO;NO;1,52
MGS053.A0101;MGS053.A0101;MGS053;MGS_Ped_1;NA;NA;M;T1a1a1a1a1(T-CTS6507);T1a;U5a1b1c1;NO;NO;MGS;NA;NA;NA;Avar;Austria;YES;NO;1;NO;YES;2,33
MGS054.A0101;MGS054.A0101;MGS054;MGS_Ped_2;NA;NA;F;NA;NA;H5e1a;NO;NO;MGS;NA;NA;NA;Avar;Austria;NO;NO;1;NO;NO;1,52
MGS055.A0101;MGS055.A0101;MGS055;MGS_Ped_1;NA;NA;F;NA;NA;T1a1;NO;NO;MGS;NA;NA;NA;Avar;Austria;NO;NO;1;NO;NO;1,71
MGS057.A0101;MGS057.A0101;MGS057;MGS_Unrel;NA;NA;F;NA;NA;U1a1a2;NO;NO;MGS;NA;NA;NA;Avar;Austria;NO;NO;1;NO;NO;1,78
MGS060.A0101;MGS060.A0101;MGS060;MGS_Ped_1;NA;NA;M;R1b1a2a1a2(R-P312);R1b;T1a1;NO;NO;MGS;NA;NA;NA;Avar;Austria;NO;NO;1;NO;NO;2,03
MGS066.A0101;MGS066.A0101;MGS066;MGS_Rel;NA;NA;F;NA;NA;H3h6;NO;NO;MGS;NA;NA;NA;Avar;Austria;NO;NO;1;NO;NO;1,89
MGS067.A0101;MGS067.A0101;MGS067;MGS_Ped_1;NA;NA;F;NA;NA;H5e1;NO;NO;MGS;NA;NA;NA;Avar;Austria;NO;NO;1;NO;YES;1,92
MGS069.A0101;MGS069.A0101;MGS069;MGS_Ped_1;NA;NA;M;J1a2b(J-P58);J1a;H2b;NO;NO;MGS;NA;NA;NA;Avar;Austria;NO;NO;1;NO;NO;2,34
MGS070.A0101;MGS070.A0101;MGS070;MGS_Rel;NA;NA;F;NA;NA;H15a1a;NO;NO;MGS;NA;NA;NA;Avar;Austria;NO;NO;1;NO;NO;1,95
MGS071.A0101;MGS071.A0101;MGS071;MGS_Ped_1;NA;NA;M;J1a(J-CTS5368);J1a;T2e5;NO;NO;MGS;NA;NA;NA;Avar;Austria;NO;NO;1;NO;NO;1,2
MGS073.A0101;MGS073.A0101;MGS073;MGS_Rel;NA;NA;F;NA;NA;H15a1a1;NO;NO;MGS;NA;NA;NA;Avar;Austria;NO;NO;1;NO;NO;1,82
MGS074.A0101;MGS074.A0101;MGS074;MGS_Unrel;NA;NA;F;NA;NA;U2e1b1;NO;NO;MGS;NA;NA;NA;Avar;Austria;NO;NO;1;NO;NO;1,4
MGS075.A0101;MGS075.A0101;MGS075;MGS_Ped_1;NA;NA;M;I2a1b(I-CTS1293,I-M423);I2a;H5;NO;NO;MGS;NA;NA;NA;Avar;Austria;NO;NO;1;NO;NO;2,15
MGS077.A0101;MGS077.A0101;MGS077;MGS_Ped_1;NA;NA;M;T1a1a1a1a(T-L906,T-P77);T1a;H5e1;NO;NO;MGS;NA;NA;NA;Avar;Austria;YES;NO;1;NO;NO;2,24
MGS079.A0101;MGS079.A0101;MGS079;MGS_Ped_1;NA;NA;M;T1a1a1a1a(T-L906,T-P77);T1a;H13c1a;NO;NO;MGS;NA;NA;NA;Avar;Austria;YES;NO;1;NO;NO;2,84
MGS080.A0101;MGS080.A0101;MGS080;MGS_Ped_1;NA;NA;F;NA;NA;H1a;NO;NO;MGS;NA;NA;NA;Avar;Austria;NO;NO;1;NO;NO;1,02
MGS083.A0101;MGS083.A0101;MGS083;MGS_Ped_2;NA;NA;F;NA;NA;T1a1;NO;NO;MGS;NA;NA;NA;Avar;Austria;NO;NO;1;NO;NO;0,49
MGS085.A0101;MGS085.A0101;MGS085;MGS_Ped_1;NA;NA;F;NA;NA;U2e2a1;NO;NO;MGS;NA;NA;NA;Avar;Austria;NO;NO;1;NO;NO;1,88
MGS086.A0101;MGS086.A0101;MGS086;MGS_Ped_1;NA;NA;F;NA;NA;H24;NO;NO;MGS;NA;NA;NA;Avar;Austria;NO;NO;1;NO;NO;1,68
MGS090.A0101;MGS090.A0101;MGS090;MGS_Ped_1;NA;NA;M;R1b1a2a2c1a1a(R-CTS9219);R1b;H1b1;NO;NO;MGS;NA;NA;NA;Avar;Austria;NO;NO;1;NO;NO;1,99
MGS091.A0101;MGS091.A0101;MGS091;MGS_Ped_1;NA;NA;F;NA;NA;W1i;NO;NO;MGS;NA;NA;NA;Avar;Austria;NO;NO;1;NO;NO;0,66
MGS094.A0101;MGS094.A0101;MGS094;MGS_Ped_1;NA;NA;M;E1b1b1a1b1a(E-V13);E1b;H5a1a;NO;NO;MGS;NA;NA;NA;Avar;Austria;YES;NO;1;NO;NO;1,26
MGS096.A0101;MGS096.A0101;MGS096;MGS_Ped_1;NA;NA;M;R1a1a1b1a1(R-M458);R1a;T2b4+152;NO;NO;MGS;NA;NA;NA;Avar;Austria;NO;NO;1;NO;NO;0,55
MGS097.A0101;MGS097.A0101;MGS097;MGS_Unrel;NA;NA;F;NA;NA;H1a;NO;NO;MGS;NA;NA;NA;Avar;Austria;NO;NO;1;NO;NO;2,04
MGS098.A0101;MGS098.A0101;MGS098;MGS_Ped_2;NA;NA;M;E1b1b1a1b1(E-CTS1773,E-L618);E1b;T2g1;NO;NO;MGS;NA;NA;NA;Avar;Austria;NO;NO;1;NO;NO;1,93
MGS099.A0101;MGS099.A0101;MGS099;MGS_Ped_1;NA;NA;F;NA;NA;U5a2;NO;NO;MGS;NA;NA;NA;Avar;Austria;NO;NO;1;NO;YES;2,32
MGS100.A0101;MGS100.A0101;MGS100;MGS_Ped_1;NA;NA;F;NA;NA;H10a1;NO;NO;MGS;NA;NA;NA;Avar;Austria;NO;NO;1;NO;YES;2,46
MGS101.A0101;MGS101.A0101;MGS101;MGS_Ped_1;NA;NA;F;NA;NA;H1e1;NO;NO;MGS;NA;NA;NA;Avar;Austria;NO;NO;1;NO;NO;0,55
MGS102.A0101;MGS102.A0101;MGS102;MGS_Ped_1;NA;NA;M;R1b1a2a2c1a1a(R-CTS9219);R1b;H1b1;NO;NO;MGS;NA;NA;NA;Avar;Austria;NO;NO;1;NO;NO;1,81
MGS104.A0101;MGS104.A0101;MGS104;MGS_Rel;NA;NA;F;NA;NA;U5a2a1;NO;NO;MGS;NA;NA;NA;Avar;Austria;NO;NO;1;NO;NO;1,6
MGS106.A0101;MGS106.A0101;MGS106;MGS_Ped_1;NA;NA;M;T1a1a1a1a1(T-CTS6507);T1a;H5+709;NO;NO;MGS;NA;NA;NA;Avar;Austria;NO;NO;1;NO;NO;2,69
MGS107.A0101;MGS107.A0101;MGS107;MGS_Ped_1;NA;NA;F;NA;NA;H13c1a;NO;NO;MGS;NA;NA;NA;Avar;Austria;NO;NO;1;NO;YES;2,95
MGS108.A0101;MGS108.A0101;MGS108;MGS_Unrel;NA;NA;F;NA;NA;U5a2;NO;NO;MGS;NA;NA;NA;Avar;Austria;NO;NO;1;NO;NO;1,57
MGS110.A0101;MGS110.A0101;MGS110;MGS_Ped_1;NA;NA;M;R1a1a1b1a2b3(R-CTS3402);R1a;U2e2a1d;NO;NO;MGS;NA;NA;NA;Avar;Austria;NO;NO;1;NO;YES;2,6
MGS114.A0101;MGS114.A0101;MGS114;MGS_Unrel;NA;NA;F;NA;NA;W6a;NO;NO;MGS;NA;NA;NA;Avar;Austria;NO;NO;1;NO;NO;1,33
MGS115.A0101;MGS115.A0101;MGS115;MGS_Ped_1;NA;NA;F;NA;NA;H5;NO;NO;MGS;NA;NA;NA;Avar;Austria;NO;NO;1;NO;NO;0,19
MGS116.A0101;MGS116.A0101;MGS116;MGS_Ped_1;NA;NA;F;NA;NA;H5e1;NO;NO;MGS;NA;NA;NA;Avar;Austria;NO;NO;1;NO;NO;0,49
MGS118.A0101;MGS118.A0101;MGS118;MGS_Rel;NA;NA;M;R1b1a2a1a1c2b2a1(R-Z2);R1b;T2b;NO;NO;MGS;NA;NA;NA;Avar;Austria;NO;NO;1;NO;NO;0,58
MGS119.A0101;MGS119.A0101;MGS119;MGS_Rel;NA;NA;M;R1b1a2a1a1c(R-Z381);R1b;H28;NO;NO;MGS;NA;NA;NA;Avar;Austria;NO;NO;1;NO;NO;0,71
MGS120.A0101;MGS120.A0101;MGS120;MGS_Ped_1;NA;NA;F;NA;NA;T2+16189;NO;NO;MGS;NA;NA;NA;Avar;Austria;NO;NO;1;NO;NO;0,17
MGS122.A0101;MGS122.A0101;MGS122;MGS_Ped_1;NA;NA;M;T1a1a1a1a(T-L906,T-P77);T1a;U5a1b1c;NO;NO;MGS;NA;NA;NA;Avar;Austria;YES;NO;1;NO;YES;1,56
MGS123.A0101;MGS123.A0101;MGS123;MGS_Ped_1;NA;NA;M;R1a1a1b1a2b3(R-CTS3402);R1a;U2e2a;NO;NO;MGS;NA;NA;NA;Avar;Austria;NO;NO;1;NO;NO;2,39
MGS124.A0101;MGS124.A0101;MGS124;MGS_Ped_1;NA;NA;M;I1a1b(I-L22);I1a;H;NO;NO;MGS;NA;NA;NA;Avar;Austria;NO;NO;1;NO;NO;2,62
MGS125.A0101;MGS125.A0101;MGS125;MGS_Ped_1;NA;NA;F;NA;NA;H15a1a1;NO;NO;MGS;NA;NA;NA;Avar;Austria;NO;NO;1;NO;NO;1,09
MGS126.A0101;MGS126.A0101;MGS126;MGS_Ped_1;NA;NA;F;NA;NA;H5e1;NO;NO;MGS;NA;NA;NA;Avar;Austria;NO;NO;1;NO;NO;1,04
MGS127.A0101;MGS127.A0101;MGS127;MGS_Ped_1;NA;NA;F;NA;NA;H6a1a;NO;NO;MGS;NA;NA;NA;Avar;Austria;NO;NO;1;NO;YES;2,7
MGS128.A0101;MGS128.A0101;MGS128;MGS_Ped_2;NA;NA;F;NA;NA;H24;NO;NO;MGS;NA;NA;NA;Avar;Austria;NO;NO;2;NO;NO;0,61
MGS129.A0101;MGS129.A0101;MGS129;MGS_Ped_2;NA;NA;F;NA;NA;H24;NO;NO;MGS;NA;NA;NA;Avar;Austria;NO;NO;2;NO;NO;0,61
MGS131.A0101;MGS131.A0101;MGS131;MGS_Unrel;NA;NA;M;R1a1a1b1a1b1(R-L1029);R1a;T2b4a;NO;NO;MGS;NA;NA;NA;Avar;Austria;NO;NO;1;NO;NO;1,85
MGS132.A0101;MGS132.A0101;MGS132;MGS_Ped_1;NA;NA;F;NA;NA;T2e5;NO;NO;MGS;NA;NA;NA;Avar;Austria;NO;NO;1;NO;NO;1,18
MGS134.A0101;MGS134.A0101;MGS134;MGS_Ped_1;NA;NA;M;R1a1a1b1a2b3(R-CTS3402);R1a;H2b;NO;NO;MGS;NA;NA;NA;Avar;Austria;NO;NO;1;NO;NO;0,59
MGS135.A0101;MGS135.A0101;MGS135;MGS_Ped_1;NA;NA;F;NA;NA;H5m;NO;NO;MGS;NA;NA;NA;Avar;Austria;NO;NO;1;NO;NO;1,05
MGS137.A0101;MGS137.A0101;MGS137;MGS_Rel;NA;NA;F;NA;NA;J1b1a1b;NO;NO;MGS;NA;NA;NA;Avar;Austria;NO;NO;1;NO;NO;2,42
MGS139.A0101;MGS139.A0101;MGS139;MGS_Ped_1;NA;NA;M;R1a1a1b1a1b(R-CTS11962.1);R1a;H1aj;NO;NO;MGS;NA;NA;NA;Avar;Austria;YES;NO;1;NO;YES;3,02
MGS140.A0101;MGS140.A0101;MGS140;MGS_Ped_1;NA;NA;M;I2a1b(I-M423);I2a;H1c+152;NO;NO;MGS;NA;NA;NA;Avar;Austria;NO;NO;1;NO;NO;0,56
MGS142.A0101;MGS142.A0101;MGS142;MGS_Ped_1;NA;NA;M;E1b1b1a1b1(E-L618);E1b;U5a1a1b;NO;NO;MGS;NA;NA;NA;Avar;Austria;NO;NO;1;NO;NO;1,33
MGS143.A0101;MGS143.A0101;MGS143;MGS_Ped_1;NA;NA;M;I2a1b2a1(I-CTS10228,I-CTS5966);I2a;H1c+152;NO;NO;MGS;NA;NA;NA;Avar;Austria;NO;NO;1;NO;NO;1,79
MGS144.A0101;MGS144.A0101;MGS144;MGS_Ped_1;NA;NA;F;NA;NA;H1a;NO;NO;MGS;NA;NA;NA;Avar;Austria;NO;NO;1;NO;YES;2
MGS145.A0101;MGS145.A0101;MGS145;MGS_Ped_1;NA;NA;M;G2a2b2a1a1a2a(G-L1265,G-L1264);G2a;V18a;NO;NO;MGS;NA;NA;NA;Avar;Austria;NO;NO;1;NO;NO;0,58
MGS146.A0101;MGS146.A0101;MGS146;MGS_Ped_1;NA;NA;M;E1b1b1a1b1a(E-V13);E1b;V3c;NO;NO;MGS;NA;NA;NA;Avar;Austria;YES;NO;1;NO;NO;2,5
MGS147.A0101;MGS147.A0101;MGS147;MGS_Ped_1;NA;NA;M;E1b1b1a1b1a(E-V13);E1b;HV;NO;NO;MGS;NA;NA;NA;Avar;Austria;NO;NO;1;NO;NO;1,43
MGS148.A0101;MGS148.A0101;MGS148;MGS_Ped_1;NA;NA;M;I2a1b(I-CTS5375,I-M423);I2a;H26c;NO;NO;MGS;NA;NA;NA;Avar;Austria;NO;NO;1;NO;NO;2,05
MGS149.A0101;MGS149.A0101;MGS149;MGS_Ped_1;NA;NA;M;E1b1b1a1b1(E-CTS3287,E-L618);E1b;U5a1a1b;NO;NO;MGS;NA;NA;NA;Avar;Austria;NO;NO;1;NO;NO;0,83
MGS150.A0101;MGS150.A0101;MGS150;MGS_Unrel;NA;NA;F;NA;NA;H36;NO;NO;MGS;NA;NA;NA;Avar;Austria;NO;NO;1;NO;NO;3,3
MGS156.A0101;MGS156.A0101;MGS156;MGS_Ped_1;NA;NA;M;R1a1a1b1a2b(R-CTS1211);R1a;H;NO;NO;MGS;NA;NA;NA;Avar;Austria;NO;NO;1;NO;YES;2,16
MGS157.A0101;MGS157.A0101;MGS157;MGS_Ped_1;NA;NA;M;I1(I-M253);I1;T2;NO;NO;MGS;NA;NA;NA;Avar;Austria;NO;NO;1;NO;NO;0,25
MGS158.A0101;MGS158.A0101;MGS158;MGS_Ped_1;NA;NA;F;NA;NA;H6a1a;NO;NO;MGS;NA;NA;NA;Avar;Austria;NO;NO;1;NO;NO;0,36
MGS159.A0101;MGS159.A0101;MGS159;MGS_Ped_1;NA;NA;M;R1a1a1b1a2b3(R-CTS3402);R1a;K1a4c1;NO;NO;MGS;NA;NA;NA;Avar;Austria;NO;NO;1;NO;NO;NA
MGS163.A0101;MGS163.A0101;MGS163;MGS_Ped_1;NA;NA;M;I2a1b2a1(I-CTS10228,I-CTS5966);I2a;HV6a;NO;NO;MGS;NA;NA;NA;Avar;Austria;NO;NO;1;NO;NO;0,95
MGS165.A0101;MGS165.A0101;MGS165;MGS_Ped_1;NA;NA;F;NA;NA;W1i;NO;NO;MGS;NA;NA;NA;Avar;Austria;NO;NO;1;NO;YES;1,87
MGS167.A0101;MGS167.A0101;MGS167;MGS_Ped_1;NA;NA;F;NA;NA;H5r;NO;NO;MGS;NA;NA;NA;Avar;Austria;NO;NO;1;NO;YES;2,53
MGS169.A0101;MGS169.A0101;MGS169;MGS_Ped_1;NA;NA;F;NA;NA;U5a1a1;NO;NO;MGS;NA;NA;NA;Avar;Austria;NO;NO;1;NO;NO;2,1
MGS171.A0101;MGS171.A0101;MGS171;MGS_Ped_1;NA;NA;F;NA;NA;K2b1b;NO;NO;MGS;NA;NA;NA;Avar;Austria;NO;YES;1;NO;NO;3,54
MGS173.A0101;MGS173.A0101;MGS173;MGS_Ped_1;NA;NA;F;NA;NA;V+@72;NO;NO;MGS;NA;NA;NA;Avar;Austria;NO;NO;1;NO;NO;0,41
MGS174.A0101;MGS174.A0101;MGS174;MGS_Ped_1;NA;NA;F;NA;NA;H+152;NO;NO;MGS;NA;NA;NA;Avar;Austria;NO;NO;1;NO;NO;0,97
MGS175.A0101;MGS175.A0101;MGS175;MGS_Ped_1;NA;NA;M;R1a1a1b1a1b1(R-L1029);R1a;H1+152;NO;NO;MGS;NA;NA;NA;Avar;Austria;NO;NO;1;NO;NO;2,39
MGS176.A0101;MGS176.A0101;MGS176;MGS_Ped_1;NA;NA;M;E1b1b1a1b1a(E-V13);E1b;H4a;NO;NO;MGS;NA;NA;NA;Avar;Austria;NO;NO;1;NO;NO;2,71
MGS178.A0101;MGS178.A0101;MGS178;MGS_Ped_1;NA;NA;F;NA;NA;H3h6;NO;NO;MGS;NA;NA;NA;Avar;Austria;NO;NO;1;YES;NO;4,05
MGS182.A0101;MGS182.A0101;MGS182;MGS_Ped_1;NA;NA;F;NA;NA;H13a1a;NO;NO;MGS;NA;NA;NA;Avar;Austria;NO;NO;1;NO;NO;0,96
MGS183.A0101;MGS183.A0101;MGS183;MGS_Rel;NA;NA;F;NA;NA;H28;NO;NO;MGS;NA;NA;NA;Avar;Austria;NO;NO;1;NO;NO;0,5
MGS184.A0101;MGS184.A0101;MGS184;MGS_Ped_1;NA;NA;F;NA;NA;X2m2;NO;NO;MGS;NA;NA;NA;Avar;Austria;NO;NO;1;NO;NO;2,58
MGS185.A0101;MGS185.A0101;MGS185;MGS_Ped_1;NA;NA;F;NA;NA;J2b1;NO;NO;MGS;NA;NA;NA;Avar;Austria;NO;NO;1;NO;NO;3,53
MGS186.A0101;MGS186.A0101;MGS186;MGS_Ped_1;NA;NA;M;R1a1a(R-M198,R-M512);R1a;H2a+152;NO;NO;MGS;NA;NA;NA;Avar;Austria;NO;NO;1;NO;NO;1,24
MGS187.A0101;MGS187.A0101;MGS187;MGS_Ped_1;NA;NA;F;NA;NA;T2h;NO;NO;MGS;NA;NA;NA;Avar;Austria;NO;NO;1;NO;NO;0,47
MGS188.A0101;MGS188.A0101;MGS188;MGS_Ped_1;NA;NA;M;R1a1a1b1a1b1(R-L1029);R1a;J2b1;NO;NO;MGS;NA;NA;NA;Avar;Austria;NO;NO;1;NO;NO;2,62
MGS189.A0101;MGS189.A0101;MGS189;MGS_Ped_1;NA;NA;F;NA;NA;K1a4a1a2a;NO;NO;MGS;NA;NA;NA;Avar;Austria;NO;NO;1;NO;NO;0,64
MGS190.A0101;MGS190.A0101;MGS190;MGS_Ped_1;NA;NA;F;NA;NA;T2h;NO;NO;MGS;NA;NA;NA;Avar;Austria;NO;NO;1;NO;NO;0,8
MGS191.A0101;MGS191.A0101;MGS191;MGS_Ped_1;NA;NA;F;NA;NA;T2b25;NO;NO;MGS;NA;NA;NA;Avar;Austria;NO;NO;1;NO;NO;3,3
MGS192.A0101;MGS192.A0101;MGS192;MGS_Ped_1;NA;NA;M;G2a2b2a1a1a2a(G-FGC21503,G-L1264);G2a;H24;NO;NO;MGS;NA;NA;NA;Avar;Austria;NO;NO;1;NO;NO;1,26
MGS194.A0101;MGS194.A0101;MGS194;MGS_Ped_1;NA;NA;M;G2a2b2a1(G-PF3331,G-CTS796);G2a;H3h6;NO;NO;MGS;NA;NA;NA;Avar;Austria;NO;NO;1;NO;NO;1,12
MGS197.A0101;MGS197.A0101;MGS197;MGS_Ped_1;NA;NA;M;G2a2b2a1a1a2a(G-L1264);G2a;H2a2a;NO;NO;MGS;NA;NA;NA;Avar;Austria;NO;NO;1;NO;NO;2,82
MGS198.A0101;MGS198.A0101;MGS198;MGS_Ped_1;NA;NA;M;T1a1a1a1(T-Z710,T-CTS8512);T1a;U5a2e;NO;NO;MGS;NA;NA;NA;Avar;Austria;YES;NO;1;NO;NO;1,9
MGS199.A0101;MGS199.A0101;MGS199;MGS_Ped_1;NA;NA;F;NA;NA;U3b;NO;NO;MGS;NA;NA;NA;Avar;Austria;NO;NO;1;NO;NO;0,57
MGS200.A0101;MGS200.A0101;MGS200;MGS_Ped_1;NA;NA;M;I2a1b(I-M423);I2a;K1a8b;NO;NO;MGS;NA;NA;NA;Avar;Austria;NO;NO;1;NO;NO;1,42
MGS201.A0101;MGS201.A0101;MGS201;MGS_Ped_1;NA;NA;F;NA;NA;C5c1a;NO;NO;MGS;NA;NA;NA;Avar;Austria;NO;NO;1;NO;NO;3,13
MGS202.A0101;MGS202.A0101;MGS202;MGS_Ped_1;NA;NA;M;R1a1a1b1a1b1(R-L1029);R1a;H1+152;NO;NO;MGS;NA;NA;NA;Avar;Austria;YES;NO;1;NO;NO;3,7
MGS203.A0101;MGS203.A0101;MGS203;MGS_Ped_2;NA;NA;F;NA;NA;H+152;NO;NO;MGS;NA;NA;NA;Avar;Austria;NO;NO;1;NO;NO;2,51
MGS204.A0101;MGS204.A0101;MGS204;MGS_Unrel;NA;NA;M;R1a1a1b1a2b(R-CTS1211);R1a;J1c4;NO;NO;MGS;NA;NA;NA;Avar;Austria;NO;NO;1;NO;NO;2,35
MGS206.A0101;MGS206.A0101;MGS206;MGS_Ped_1;NA;NA;M;J1(J-M267);J1;I1a1c;NO;NO;MGS;NA;NA;NA;Avar;Austria;NO;NO;1;NO;NO;0,7
MGS207.A0101;MGS207.A0101;MGS207;MGS_Ped_1;NA;NA;F;NA;NA;C5c1a;NO;NO;MGS;NA;NA;NA;Avar;Austria;NO;NO;1;NO;NO;1,47
MGS211.A0101;MGS211.A0101;MGS211;MGS_Rel;NA;NA;M;E1b1b1a1b1(E-L618);E1b;H7;NO;NO;MGS;NA;NA;NA;Avar;Austria;NO;NO;1;NO;NO;0,62
MGS212.A0101;MGS212.A0101;MGS212;MGS_Rel;NA;NA;F;NA;NA;H;NO;NO;MGS;NA;NA;NA;Avar;Austria;NO;NO;1;NO;NO;0,39
MGS213.A0101;MGS213.A0101;MGS213;MGS_Ped_1;NA;NA;F;NA;NA;U5a2e;NO;NO;MGS;NA;NA;NA;Avar;Austria;NO;NO;1;NO;YES;1,4
MGS215.A0101;MGS215.A0101;MGS215;MGS_Rel;NA;NA;F;NA;NA;H13a2a;NO;NO;MGS;NA;NA;NA;Avar;Austria;NO;NO;1;NO;NO;0,49
MGS218.A0101;MGS218.A0101;MGS218;MGS_Ped_1;NA;NA;M;I2a1b2a1(I-CTS10228,I-CTS5966);I2a;U3c;NO;NO;MGS;NA;NA;NA;Avar;Austria;NO;NO;1;NO;NO;0,68
MGS219.A0101;MGS219.A0101;MGS219;MGS_Ped_2;NA;NA;M;I1a1b3b(I-L813);I1a;J2b1a6;NO;NO;MGS;NA;NA;NA;Avar;Austria;NO;NO;1;NO;NO;0,88
MGS220.A0101;MGS220.A0101;MGS220;MGS_Ped_2;NA;NA;M;I1(I-M253);I1;H5a1a;NO;NO;MGS;NA;NA;NA;Avar;Austria;NO;NO;1;NO;NO;0,94
MGS222.A0101;MGS222.A0101;MGS222;MGS_Rel;NA;NA;M;R1b1a2(R-L500,R-M269);R1b;H13a2a;NO;NO;MGS;NA;NA;NA;Avar;Austria;NO;NO;1;NO;NO;1,23
MGS223.A0101;MGS223.A0101;MGS223;MGS_Ped_1;NA;NA;M;I2a1b2a(I-CTS10936);I2a;U3b;NO;NO;MGS;NA;NA;NA;Avar;Austria;NO;NO;1;NO;NO;1,33
MGS224.A0101;MGS224.A0101;MGS224;MGS_Ped_1;NA;NA;F;NA;NA;U3b;NO;NO;MGS;NA;NA;NA;Avar;Austria;NO;NO;1;NO;NO;1,99
MGS225.A0101;MGS225.A0101;MGS225;MGS_Rel;NA;NA;M;R1b1a2a1a1(R-M405);R1b;H10a1;NO;NO;MGS;NA;NA;NA;Avar;Austria;NO;YES;1;NO;NO;0,31
MGS227.A0101;MGS227.A0101;MGS227;MGS_Unrel;NA;NA;F;NA;NA;K1b2a1;NO;NO;MGS;NA;NA;NA;Avar;Austria;NO;NO;1;NO;NO;2,09
MGS230.A0101;MGS230.A0101;MGS230;MGS_Ped_1;NA;NA;M;R1b1a2a1a2b1c1(R-Z142);R1b;T1a1;NO;NO;MGS;NA;NA;NA;Avar;Austria;NO;NO;1;NO;NO;0,44
MGS231.A0101;MGS231.A0101;MGS231;MGS_Unrel;NA;NA;M;R1b1a2a1a2(R-P312);R1b;U5b1e1;NO;NO;MGS;NA;NA;NA;Avar;Austria;NO;NO;1;NO;NO;0,5
MGS233.A0101;MGS233.A0101;MGS233;MGS_Ped_1;NA;NA;F;NA;NA;H5a1;NO;NO;MGS;NA;NA;NA;Avar;Austria;NO;NO;1;NO;NO;1,76
MGS234.A0101;MGS234.A0101;MGS234;MGS_Ped_1;NA;NA;F;NA;NA;U3b;NO;NO;MGS;NA;NA;NA;Avar;Austria;NO;NO;1;NO;NO;1,89
MGS236.A0101;MGS236.A0101;MGS236;MGS_Unrel;NA;NA;M;J2a1(J-L27,J-L26);J2a;H2a5b;NO;NO;MGS;NA;NA;NA;Avar;Austria;NO;NO;1;NO;NO;0,47
MGS237.A0101;MGS237.A0101;MGS237;MGS_Ped_1;NA;NA;F;NA;NA;H1e1b1;NO;NO;MGS;NA;NA;NA;Avar;Austria;NO;NO;1;NO;YES;2,43
MGS238.A0101;MGS238.A0101;MGS238;MGS_Ped_1;NA;NA;M;T1a1a1a1a(T-L907,T-P77);T1a;H1e1b1;NO;NO;MGS;NA;NA;NA;Avar;Austria;NO;NO;1;NO;NO;3,12
MGS239.A0101;MGS239.A0101;MGS239;MGS_Ped_1;NA;NA;M;T1a1a1a1a1(T-CTS6507);T1a;M1a;NO;NO;MGS;NA;NA;NA;Avar;Austria;NO;NO;1;NO;NO;2,39
MGS240.A0101;MGS240.A0101;MGS240;MGS_Ped_1;NA;NA;M;T1a1a1a1a1(T-CTS6507);T1a;U3b;NO;NO;MGS;NA;NA;NA;Avar;Austria;NO;NO;1;NO;NO;0,11
MGS241.A0101;MGS241.A0101;MGS241;MGS_Ped_1;NA;NA;M;T1a1a1a1a1(T-CTS6507);T1a;M1a;NO;NO;MGS;NA;NA;NA;Avar;Austria;YES;NO;1;NO;NO;2,57
MGS242.A0101;MGS242.A0101;MGS242;MGS_Ped_1;NA;NA;M;T1a1a1a1a(T-L906,T-P77);T1a;H1a;NO;NO;MGS;NA;NA;NA;Avar;Austria;NO;NO;1;NO;NO;1,77
MGS243.A0101;MGS243.A0101;MGS243;MGS_Ped_1;NA;NA;M;T1a1a1a1a1(T-CTS6507);T1a;H1a;NO;NO;MGS;NA;NA;NA;Avar;Austria;YES;NO;1;NO;NO;2,32
MGS244.A0101;MGS244.A0101;MGS244;MGS_Ped_1;NA;NA;M;T1a1a1a1a(T-L906,T-P77);T1a;T2a3;NO;NO;MGS;NA;NA;NA;Avar;Austria;YES;NO;1;NO;NO;2,67
MGS245.A0101;MGS245.A0101;MGS245;MGS_Ped_1;NA;NA;M;T1a1a1a1a(T-CTS2860,T-P77);T1a;J1b1a1;NO;NO;MGS;NA;NA;NA;Avar;Austria;NO;NO;1;NO;NO;2,4
MGS246.A0101;MGS246.A0101;MGS246;MGS_Ped_1;NA;NA;F;NA;NA;T2b;NO;NO;MGS;NA;NA;NA;Avar;Austria;NO;NO;1;NO;NO;1,01
MGS247.A0101;MGS247.A0101;MGS247;MGS_Ped_1;NA;NA;M;T1a1a1a1a1(T-CTS6507);T1a;J1b1a1;NO;NO;MGS;NA;NA;NA;Avar;Austria;NO;NO;1;NO;NO;1,07
MGS248.A0101;MGS248.A0101;MGS248;MGS_Ped_1;NA;NA;F;NA;NA;J2a1a1a;NO;NO;MGS;NA;NA;NA;Avar;Austria;NO;NO;1;NO;NO;1,96
MGS249.A0101;MGS249.A0101;MGS249;MGS_Ped_1;NA;NA;F;NA;NA;T2a3;NO;NO;MGS;NA;NA;NA;Avar;Austria;NO;NO;1;YES;NO;3,55
MGS255.A0101;MGS255.A0101;MGS255;MGS_Rel;NA;NA;F;NA;NA;T2+16189;NO;NO;MGS;NA;NA;NA;Avar;Austria;NO;NO;1;NO;NO;1,66
MGS258.A0101;MGS258.A0101;MGS258;MGS_Ped_1;NA;NA;M;I2a2a1b(I-CTS10057);I2a;T2b;NO;NO;MGS;NA;NA;NA;Avar;Austria;NO;NO;1;NO;NO;1,07
MGS260.A0101;MGS260.A0101;MGS260;MGS_Ped_1;NA;NA;M;I2a2a1b(I-CTS10057);I2a;H1b2;NO;NO;MGS;NA;NA;NA;Avar;Austria;NO;NO;1;NO;NO;0,57
MGS261.A0101;MGS261.A0101;MGS261;MGS_Rel;NA;NA;F;NA;NA;X2+225+@16223;NO;NO;MGS;NA;NA;NA;Avar;Austria;NO;NO;1;NO;NO;0,67
MGS262.A0101;MGS262.A0101;MGS262;MGS_Ped_2;NA;NA;F;NA;NA;N1a1a1a2;NO;NO;MGS;NA;NA;NA;Avar;Austria;NO;NO;1;NO;NO;1,84
MGS263.A0101;MGS263.A0101;MGS263;MGS_Rel;NA;NA;M;J2a1h2(J-L25);J2a;H2a1c;NO;NO;MGS;NA;NA;NA;Avar;Austria;NO;NO;1;NO;NO;1,26
MGS264.A0101;MGS264.A0101;MGS264;MGS_Ped_1;NA;NA;M;I2a2a1b(I-CTS10057);I2a;J2a1a1;NO;NO;MGS;NA;NA;NA;Avar;Austria;NO;NO;1;NO;NO;2,7
MGS265.A0101;MGS265.A0101;MGS265;MGS_Ped_1;NA;NA;F;NA;NA;J2a1a1;NO;NO;MGS;NA;NA;NA;Avar;Austria;NO;NO;1;NO;NO;2,12
MGS266.A0101;MGS266.A0101;MGS266;MGS_Ped_1;NA;NA;M;I2a2a1b(I-CTS10057);I2a;H13a2c1;NO;NO;MGS;NA;NA;NA;Avar;Austria;NO;NO;1;NO;NO;2,27
MGS267.A0101;MGS267.A0101;MGS267;MGS_Ped_1;NA;NA;F;NA;NA;D4j8;NO;NO;MGS;NA;NA;NA;Avar;Austria;NO;NO;1;NO;NO;1,16
MGS268.A0101;MGS268.A0101;MGS268;MGS_Ped_1;NA;NA;F;NA;NA;J1c2j;NO;NO;MGS;NA;NA;NA;Avar;Austria;NO;NO;1;NO;NO;0,86
MGS269.A0101;MGS269.A0101;MGS269;MGS_Ped_1;NA;NA;M;I2a2a1b1a1(I-S25733);I2a;D4j8;NO;NO;MGS;NA;NA;NA;Avar;Austria;NO;NO;1;NO;NO;1,5
MGS273.A0101;MGS273.A0101;MGS273;MGS_Ped_2;NA;NA;M;G2a2b2a1a1a1(G-Z2005,G-L13);G2a;N1a1a1a2;NO;NO;MGS;NA;NA;NA;Avar;Austria;NO;NO;1;NO;NO;1,87
MGS274.A0101;MGS274.A0101;MGS274;MGS_Ped_2;NA;NA;M;E1b1b1a1b1(E-L618);E1b;H;NO;NO;MGS;NA;NA;NA;Avar;Austria;NO;NO;1;NO;NO;2,04
MGS276.A0101;MGS276.A0101;MGS276;MGS_Ped_2;NA;NA;F;NA;NA;HV;NO;NO;MGS;NA;NA;NA;Avar;Austria;NO;NO;1;NO;NO;2,24
MGS277.A0101;MGS277.A0101;MGS277;MGS_Ped_2;NA;NA;F;NA;NA;HV+16311;NO;NO;MGS;NA;NA;NA;Avar;Austria;NO;NO;1;NO;NO;0,7
MGS280.A0101;MGS280.A0101;MGS280;MGS_Ped_2;NA;NA;F;NA;NA;T2g1;NO;NO;MGS;NA;NA;NA;Avar;Austria;NO;NO;1;NO;NO;0,19
MGS281.A0101;MGS281.A0101;MGS281;MGS_Ped_1;NA;NA;F;NA;NA;H5r;NO;NO;MGS;NA;NA;NA;Avar;Austria;NO;NO;1;NO;NO;1,49
MGS283.A0101;MGS283.A0101;MGS283;MGS_Ped_1;NA;NA;M;N1c1a1(N-L708);N1c;V23;NO;NO;MGS;NA;NA;NA;Avar;Austria;NO;NO;1;NO;NO;1,87
MGS289.A0101;MGS289.A0101;MGS289;MGS_Ped_1;NA;NA;F;NA;NA;HV9+152;NO;NO;MGS;NA;NA;NA;Avar;Austria;NO;NO;1;NO;NO;0,91
MGS291.A0101;MGS291.A0101;MGS291;MGS_Ped_1;NA;NA;F;NA;NA;X2;NO;NO;MGS;NA;NA;NA;Avar;Austria;NO;NO;1;NO;NO;2,05
MGS292.A0101;MGS292.A0101;MGS292;MGS_Ped_1;NA;NA;M;I2a2a1b1a1(I-S25733);I2a;H3h6;NO;NO;MGS;NA;NA;NA;Avar;Austria;NO;NO;1;NO;NO;1,76
MGS293.A0101;MGS293.A0101;MGS293;MGS_Ped_1;NA;NA;F;NA;NA;H2a2a1;NO;NO;MGS;NA;NA;NA;Avar;Austria;NO;NO;1;NO;NO;2,8
MGS294.A0101;MGS294.A0101;MGS294;MGS_Rel;NA;NA;M;E1b1b1b2a1a(E-L29);E1b;T2b25;NO;NO;MGS;NA;NA;NA;Avar;Austria;NO;NO;1;NO;NO;1,71
MGS295.A0101;MGS295.A0101;MGS295;MGS_Rel;NA;NA;F;NA;NA;K2b1b;NO;NO;MGS;NA;NA;NA;Avar;Austria;NO;NO;1;NO;NO;1,28
MGS298.A0101;MGS298.A0101;MGS298;MGS_Rel;NA;NA;F;NA;NA;H13a1a;NO;NO;MGS;NA;NA;NA;Avar;Austria;NO;NO;1;NO;NO;1,94
MGS299.A0101;MGS299.A0101;MGS299;MGS_Ped_1;NA;NA;F;NA;NA;H13a1a;NO;NO;MGS;NA;NA;NA;Avar;Austria;NO;NO;1;NO;NO;2,41
MGS301.A0101;MGS301.A0101;MGS301;MGS_Ped_2;NA;NA;F;NA;NA;H5a1;NO;NO;MGS;NA;NA;NA;Avar;Austria;NO;NO;1;NO;NO;1,68
MGS302.A0101;MGS302.A0101;MGS302;MGS_Unrel;NA;NA;F;NA;NA;D4j11;NO;NO;MGS;NA;NA;NA;Avar;Austria;NO;NO;1;NO;NO;1,4
MGS303.A0101;MGS303.A0101;MGS303;MGS_Ped_1;NA;NA;M;G2a2b2a1a1a2a(G-L1264);G2a;J1b1a1;NO;NO;MGS;NA;NA;NA;Avar;Austria;NO;NO;1;NO;NO;2,57
MGS305.A0101;MGS305.A0101;MGS305;MGS_Rel;NA;NA;F;NA;NA;H1b2;NO;NO;MGS;NA;NA;NA;Avar;Austria;NO;NO;1;NO;NO;0,62
MGS306.A0101;MGS306.A0101;MGS306;MGS_Ped_1;NA;NA;M;I2a1b2a1(I-CTS10228,I-CTS5966);I2a;H2a2a1;NO;NO;MGS;NA;NA;NA;Avar;Austria;NO;NO;1;NO;NO;NA
MGS307.A0101;MGS307.A0101;MGS307;MGS_Ped_1;NA;NA;M;T1a1a1a1a(T-L906,T-P77);T1a;H;NO;NO;MGS;NA;NA;NA;Avar;Austria;NO;NO;1;NO;NO;3,19
MGS308.A0101;MGS308.A0101;MGS308;MGS_Ped_1;NA;NA;F;NA;NA;H5a;NO;NO;MGS;NA;NA;NA;Avar;Austria;NO;NO;2;NO;NO;2,31
MGS309.A0101;MGS309.A0101;MGS309;MGS_Rel;NA;NA;F;NA;NA;U3b;NO;NO;MGS;NA;NA;NA;Avar;Austria;NO;NO;1;NO;NO;0,22
MGS310.A0101;MGS310.A0101;MGS310;MGS_Ped_1;NA;NA;M;I2a1b2a(I-CTS10936);I2a;H24;NO;NO;MGS;NA;NA;NA;Avar;Austria;NO;NO;2;NO;NO;2,06
MGS311.A0101;MGS311.A0101;MGS311;MGS_Ped_1;NA;NA;M;I2a1b2a1(I-CTS10228,I-CTS5966);I2a;T2b;NO;NO;MGS;NA;NA;NA;Avar;Austria;NO;NO;2;NO;NO;2,06
MGS312.A0101;MGS312.A0101;MGS312;MGS_Ped_1;NA;NA;F;NA;NA;D4j8;NO;NO;MGS;NA;NA;NA;Avar;Austria;NO;NO;2;NO;NO;1,53
MGS313.A0101;MGS313.A0101;MGS313;MGS_Ped_1;NA;NA;M;I2a1b2a1(I-CTS10228,I-CTS5966);I2a;D4;NO;NO;MGS;NA;NA;NA;Avar;Austria;NO;NO;1;NO;NO;1,53
MGS314.A0101;MGS314.A0101;MGS314;MGS_Ped_1;NA;NA;M;G2a2b2a1a1a2a(G-L1264);G2a;J1b1b1;NO;NO;MGS;NA;NA;NA;Avar;Austria;NO;NO;1;NO;NO;NA
MGS315.A0101;MGS315.A0101;MGS315;MGS_Ped_1;NA;NA;M;T1a1a1a1a1(T-CTS6507);T1a;X2+225+@16223;NO;NO;MGS;NA;NA;NA;Avar;Austria;YES;NO;2;NO;NO;7,25
MGS316.A0101;MGS316.A0101;MGS316;MGS_Ped_1;NA;NA;M;T1a1a1a1a1(T-CTS6507);T1a;K2b1b;NO;NO;MGS;NA;NA;NA;Avar;Austria;NO;NO;2;NO;NO;7,25
MGS317.A0101;MGS317.A0101;MGS317;MGS_Ped_1;NA;NA;M;I2a2a1b1(I-L702);I2a;J1c3g;NO;NO;MGS;NA;NA;NA;Avar;Austria;NO;NO;1;NO;NO;3,06
MGS318.A0101;MGS318.A0101;MGS318;MGS_Ped_1;NA;NA;F;NA;NA;H2a2a1;NO;NO;MGS;NA;NA;NA;Avar;Austria;NO;NO;1;NO;NO;3,06
MGS319.A0101;MGS319.A0101;MGS319;MGS_Ped_1;NA;NA;M;E1b1b1a1b1(E-CTS1773,E-L618);E1b;H6a1a;NO;NO;MGS;NA;NA;NA;Avar;Austria;NO;NO;1;NO;YES;3,06
MGS320.A0101;MGS320.A0101;MGS320;MGS_Ped_1;NA;NA;F;NA;NA;H1;NO;NO;MGS;NA;NA;NA;Avar;Austria;NO;NO;1;NO;NO;3,06
MGS321.A0101;MGS321.A0101;MGS321;MGS_Ped_1;NA;NA;M;R1b1a2a2c1a1a(R-CTS9219);R1b;H5a6;NO;NO;MGS;NA;NA;NA;Avar;Austria;YES;NO;2;NO;NO;2,18
MGS322.A0101;MGS322.A0101;MGS322;MGS_Ped_1;NA;NA;M;R1b1a2a2c1a1a(R-CTS9219);R1b;HV2a1;NO;NO;MGS;NA;NA;NA;Avar;Austria;NO;NO;1;NO;NO;2,18
MGS323.A0101;MGS323.A0101;MGS323;MGS_Ped_1;NA;NA;M;R1b1a2a1a1b(R-Z18,R-Z19);R1b;J1b1a1b;NO;NO;MGS;NA;NA;NA;Avar;Austria;YES;NO;2;NO;NO;6,01
MGS324.A0101;MGS324.A0101;MGS324;MGS_Ped_1;NA;NA;F;NA;NA;T1a1b;NO;NO;MGS;NA;NA;NA;Avar;Austria;NO;NO;2;NO;YES;6,01
MGS325.A0101;MGS325.A0101;MGS325;MGS_Ped_1;NA;NA;M;R1b1a2a1a1b(R-Z18,R-Z19);R1b;H3g1;NO;NO;MGS;NA;NA;NA;Avar;Austria;NO;NO;2;NO;NO;2,43
MGS326.A0101;MGS326.A0101;MGS326;MGS_Ped_1;NA;NA;M;R1a1a1b1a1b(R-CTS11962.1);R1a;J1c16;NO;NO;MGS;NA;NA;NA;Avar;Austria;NO;NO;2;NO;NO;2,43
MGS327.A0101;MGS327.A0101;MGS327;MGS_Rel;NA;NA;F;NA;NA;H5a1;NO;NO;MGS;NA;NA;NA;Avar;Austria;NO;NO;1;NO;NO;NA
MGS328.A0101;MGS328.A0101;MGS328;MGS_Ped_1;NA;NA;M;I2a1b2a1(I-CTS10228,I-CTS5966);I2a;H1c6;NO;NO;MGS;NA;NA;NA;Avar;Austria;YES;NO;2;NO;NO;1,26
MGS331.A0101;MGS331.A0101;MGS331;MGS_Unrel;NA;NA;F;NA;NA;U5a2;NO;NO;MGS;NA;NA;NA;Avar;Austria;NO;NO;1;NO;NO;NA
MGS333.A0101;MGS333.A0101;MGS333;MGS_Ped_1;NA;NA;M;R1a1a1b1a2b(R-CTS1211);R1a;X2+225+@16223;NO;NO;MGS;NA;NA;NA;Avar;Austria;NO;NO;1;NO;NO;0,6
MGS335.A0101;MGS335.A0101;MGS335;MGS_Ped_1;NA;NA;F;NA;NA;J1b1a1;NO;NO;MGS;NA;NA;NA;Avar;Austria;NO;NO;1;NO;YES;2,65
MGS352.A0101;MGS352.A0101;MGS352;MGS_Rel;NA;NA;M;R1b1a2a1a2b1(R-L2);R1b;U5a2b;NO;NO;MGS;NA;NA;NA;Avar;Austria;YES;NO;1;NO;NO;1,94
MGS355.A0101;MGS355.A0101;MGS355;MGS_Ped_1;NA;NA;M;T1a1a1a1a1(T-CTS6507);T1a;J1b1a;NO;NO;MGS;NA;NA;NA;Avar;Austria;NO;NO;1;NO;NO;2,86
MGS370.A0101;MGS370.A0101;MGS370;MGS_Ped_1;NA;NA;F;NA;NA;W1i;NO;NO;MGS;NA;NA;NA;Avar;Austria;NO;NO;1;NO;YES;2,01
MGS385.A0101;MGS385.A0101;MGS385;MGS_Ped_1;NA;NA;M;I2a1b2a1(I-CTS10228,I-CTS5966);I2a;J1b1a;NO;NO;MGS;NA;NA;NA;Avar;Austria;YES;NO;1;NO;NO;3,23
MGS386.A0101;MGS386.A0101;MGS386;MGS_Ped_1;NA;NA;M;E1b1b1a1b1a(E-V36,E-V13);E1b;H4a;NO;NO;MGS;NA;NA;NA;Avar;Austria;NO;NO;1;NO;NO;2,51
MGS389.A0101;MGS389.A0101;MGS389;MGS_Ped_1;NA;NA;F;NA;NA;V3c;NO;NO;MGS;NA;NA;NA;Avar;Austria;NO;NO;1;NO;NO;1,44
MGS392.A0101;MGS392.A0101;MGS392;MGS_Ped_1;NA;NA;M;R1a1a1b1a1b1(R-L1029);R1a;U4a;NO;NO;MGS;NA;NA;NA;Avar;Austria;YES;NO;1;NO;NO;2,22
MGS407.A0101;MGS407.A0101;MGS407;MGS_Ped_2;NA;NA;M;G2a2b2a1a1a1(G-L13);G2a;U4b;NO;NO;MGS;NA;NA;NA;Avar;Austria;NO;NO;1;NO;NO;1,8
MGS413.A0101;MGS413.A0101;MGS413;MGS_Ped_1;NA;NA;F;NA;NA;H13a1;NO;NO;MGS;NA;NA;NA;Avar;Austria;NO;NO;2;NO;YES;3,23
MGS414.A0101;MGS414.A0101;MGS414;MGS_Ped_1;NA;NA;M;R1b1a2a1a1b(R-Z18,R-Z19);R1b;J1b1b1;NO;NO;MGS;NA;NA;NA;Avar;Austria;YES;NO;1;NO;YES;2,17
MGS417.A0101;MGS417.A0101;MGS417;MGS_Ped_1;NA;NA;M;I2a1b2(I-L621);I2a;NA;NO;NO;MGS;NA;NA;NA;Avar;Austria;YES;NO;1;NO;NO;2,66
MGS420.A0101;MGS420.A0101;MGS420;MGS_Ped_1;NA;NA;M;R1a1a1b1a1(R-M458);R1a;T2b+152;NO;NO;MGS;NA;NA;NA;Avar;Austria;NO;NO;1;NO;NO;1,56
MGS421.A0101;MGS421.A0101;MGS421;MGS_Ped_1;NA;NA;M;R1a1a1b1a1b1(R-L1029);R1a;T1a1;NO;NO;MGS;NA;NA;NA;Avar;Austria;NO;NO;1;NO;NO;NA
MGS422.A0101;MGS422.A0101;MGS422;MGS_Ped_1;NA;NA;M;G2a2b2a1a1a2a(G-S11286,G-L1264);G2a;D4j11;NO;NO;MGS;NA;NA;NA;Avar;Austria;NO;NO;1;NO;NO;1,3
MGS423.A0101;MGS423.A0101;MGS423;MGS_Ped_1;NA;NA;F;NA;NA;U3b;NO;NO;MGS;NA;NA;NA;Avar;Austria;NO;NO;1;NO;NO;2,77
MGS426.A0101;MGS426.A0101;MGS426;MGS_Ped_1;NA;NA;M;R1a1a1b1a2b3(R-CTS3402);R1a;H13a1b;NO;NO;MGS;NA;NA;NA;Avar;Austria;NO;NO;2;NO;NO;2,71
MGS433.A0101;MGS433.A0101;MGS433;MGS_Rel;NA;NA;F;NA;NA;U5a2a1b;NO;NO;MGS;NA;NA;NA;Avar;Austria;NO;NO;1;NO;NO;NA
MGS436.A0101;MGS436.A0101;MGS436;MGS_Unrel;NA;NA;F;NA;NA;H8c;NO;NO;MGS;NA;NA;NA;Avar;Austria;NO;NO;1;NO;NO;1,37
MGS438.A0101;MGS438.A0101;MGS438;MGS_Rel;NA;NA;M;R1b1a2a1a2b1(R-L2);R1b;U5a'b;NO;NO;MGS;NA;NA;NA;Avar;Austria;NO;NO;1;NO;NO;0,92
MGS439.A0101;MGS439.A0101;MGS439;MGS_Ped_1;NA;NA;F;NA;NA;H2;NO;NO;MGS;NA;NA;NA;Avar;Austria;NO;NO;1;NO;YES;2,68
MGS445.A0101;MGS445.A0101;MGS445;MGS_Unrel;NA;NA;F;NA;NA;H46;NO;NO;MGS;NA;NA;NA;Avar;Austria;NO;NO;1;NO;NO;1,18
MGS447.A0101;MGS447.A0101;MGS447;MGS_Ped_1;NA;NA;M;R1b1a2a1b1(R-CTS6889);R1b;H5a;NO;NO;MGS;NA;NA;NA;Avar;Austria;NO;NO;2;NO;NO;2,31
MGS453.A0101;MGS453.A0101;MGS453;MGS_Ped_1;NA;NA;F;NA;NA;K2a6;NO;NO;MGS;NA;NA;NA;Avar;Austria;NO;NO;1;NO;NO;1,76
MGS457.A0101;MGS457.A0101;MGS457;MGS_Ped_1;NA;NA;M;G2a2b2a1a1a2a(G-L1264);G2a;W3b;NO;NO;MGS;NA;NA;NA;Avar;Austria;YES;NO;1;NO;NO;2,73
MGS458.A0101;MGS458.A0101;MGS458;MGS_Rel;NA;NA;M;G2a2b2a1a1a2a(G-L1265,G-L1264);G2a;D4j11;NO;NO;MGS;NA;NA;NA;Avar;Austria;NO;NO;1;NO;NO;3,4
MGS459.A0101;MGS459.A0101;MGS459;MGS_Rel;NA;NA;F;NA;NA;H1e2;NO;NO;MGS;NA;NA;NA;Avar;Austria;NO;NO;1;NO;NO;3,86
MGS463.A0101;MGS463.A0101;MGS463;MGS_Ped_1;NA;NA;M;T1a1a1a1a1(T-CTS6507);T1a;H6c;NO;NO;MGS;NA;NA;NA;Avar;Austria;NO;NO;1;NO;NO;1,3
MGS464.B0101;MGS464.B0101;MGS464.B0101;MGS_Unrel;NA;NA;F;NA;NA;H+152;NO;NO;MGS;NA;NA;NA;Avar;Austria;NO;NO;1;NO;NO;NA
MGS473.A0101;MGS473.A0101;MGS473;MGS_Unrel;NA;NA;F;NA;NA;H1b1;NO;NO;MGS;NA;NA;NA;Avar;Austria;NO;NO;1;NO;NO;1,94
MGS474.A0101;MGS474.A0101;MGS474;MGS_Rel;NA;NA;F;NA;NA;H2a1c;NO;NO;MGS;NA;NA;NA;Avar;Austria;NO;NO;1;NO;NO;1,12
MGS484.A0101;MGS484.A0101;MGS484;MGS_Ped_1;NA;NA;M;I2a1b2a1(I-CTS10228,I-CTS5966);I2a;K1a4a1a2a;NO;NO;MGS;NA;NA;NA;Avar;Austria;NO;NO;1;NO;NO;NA
MGS488.A0101;MGS488.A0101;MGS488;MGS_Unrel;NA;NA;M;G2a2b1a(G-M3338,G-FGC5089);G2a;U5b2a1a+16311;NO;NO;MGS;NA;NA;NA;Avar;Austria;NO;NO;1;NO;NO;NA
RKC001.A0101;RKC001.A0101;RKC001;RK_Unrel_Avar;RK_Unrelated;?;F;NA;NA;U5b2a1a+16311;NO;YES;RK;YES;;NA;Avar;TT;NA;NA;NA;NA;NA;NA
RKC002.A0101;RKC002.A0101;RKC002;RK_Ped3_Avar;RK_Ped3;MA;M;J2b2a1a1(J-Z631);J2b;T2b4+152;NO;YES;RK;YES;25;39;Avar;TT;NA;NA;NA;NA;NA;NA
RKC007.A0101;RKC007.A0101;RKC007;RK_Ped2_Avar;RK_Ped2;MA;F;NA;NA;H3af;NO;YES;RK;YES;50;59;Avar;TT;NA;NA;NA;NA;NA;NA
RKC009.A0101;RKC009.A0101;RKC009;RK_Ped2_Avar;RK_Ped2;LA;M;J1a2b(J-P58);J1a;H3af;NO;YES;RK;YES;45;55;Avar;TT;NA;NA;NA;NA;NA;NA
RKC010.A0101;RKC010.A0101;RKC010;RK_Ped3_Avar;RK_Ped3;LA;F;NA;NA;H;NO;YES;RK;YES;20;24;Avar;TT;NA;NA;NA;NA;NA;NA
RKC011.A0101;RKC011.A0101;RKC011;RK_Ped3_Avar;RK_Ped3;LA;M;J2b2a1a1(J-Z639,J-Z631);J2b;J1c5d;NO;YES;RK;YES;40;55;Avar;TT;NA;NA;NA;NA;NA;NA
RKC012.A0101;RKC012.A0101;RKC012;RK_Ped3_Avar;RK_Ped3;LA;M;J2b2a1a1(J-Z631);J2b;H2;NO;YES;RK;YES;45;55;Avar;TT;NA;NA;NA;NA;NA;NA
RKC013.A0101;RKC013.A0101;RKC013;RK_Ped3_Avar;RK_Ped3;LA;F;NA;NA;U1a1;NO;YES;RK;NO;18;22;Avar;TT;NA;NA;NA;NA;NA;NA
RKC014.A0101;RKC014.A0101;RKC014;RK_Unrel_Avar;RK_Unrelated;?;F;NA;NA;H11b1;NO;YES;RK;YES;23;26;Avar;TT;NA;NA;NA;NA;NA;NA
RKC015.A0101;RKC015.A0101;RKC015;RK_Ped4_Avar;RK_Ped4;LA;F;NA;NA;H+152;NO;YES;RK;YES;11;13;Avar;TT;NA;NA;NA;NA;NA;NA
RKC016.A0101;RKC016.A0101;RKC016;RK_Unrel_Avar;RK_Unrelated;?;M;R1a1a1b(R-Z645);R1a;H1a3;NO;YES;RK;YES;50;59;Avar;TT;NA;NA;NA;NA;NA;NA
RKC017.A0101;RKC017.A0101;RKC017;RK_Ped2_Avar;RK_Ped2;MA;F;NA;NA;H3af;NO;YES;RK;YES;25;30;Avar;TT;NA;NA;NA;NA;NA;NA
RKC018.A0101;RKC018.A0101;RKC018;RK_Ped2_Avar;RK_Ped2;LA;M;J1a2b(J-P58);J1a;J1c;NO;YES;RK;YES;55;59;Avar;TT;NA;NA;NA;NA;NA;NA
RKC019.A0101;RKC019.A0101;RKC019;RK_Ped4_Avar;RK_Ped4;LA;F;NA;NA;H2a2a;NO;YES;RK;YES;35;45;Avar;TT;NA;NA;NA;NA;NA;NA
RKC020.A0101;RKC020.A0101;RKC020;RK_Ped4_Avar;RK_Ped4;LA;M;J2b2a1a1(J-Z639,J-Z631);J2b;H+152;NO;YES;RK;YES;8;9;Avar;TT;NA;NA;NA;NA;NA;NA
RKC021.A0101;RKC021.A0101;RKC021;RK_Ped2_Avar;RK_Ped2;MA;M;J1a2b(J-P58);J1a;G2a1;NO;YES;RK;YES;45;55;Avar;TT;NA;NA;NA;NA;NA;NA
RKC022.A0101;RKC022.A0101;RKC022;RK_Unrel_Avar;RK_Unrelated;?;M;R1a1a(R-M512);R1a;H16+152;NO;YES;RK;YES;20;22;Avar;TT;NA;NA;NA;NA;NA;NA
RKC023.A0101;RKC023.A0101;RKC023;RK_Ped4_Avar;RK_Ped4;LA;F;NA;NA;H+152;NO;YES;RK;YES;16;18;Avar;TT;NA;NA;NA;NA;NA;NA
RKC024.A0101;RKC024.A0101;RKC024;RK_Ped3_Avar;RK_Ped3;LA;F;NA;NA;H92;NO;YES;RK;YES;24;59;Avar;TT;NA;NA;NA;NA;NA;NA
RKC026.A0101;RKC026.A0101;RKC026;RK_Unrel_Avar;RK_Unrelated;?;M;J2b2a1a1(J-Z639,J-Z631);J2b;K1a4a1a2b;NO;YES;RK;NO;35;45;Avar;TT;NA;NA;NA;NA;NA;NA
RKC027.A0101;RKC027.A0101;RKC027;RK_Ped3_Avar;RK_Ped3;LA;M;J2b2a1a1(J-Z639,J-Z631);J2b;H;NO;YES;RK;YES;8;10;Avar;TT;NA;NA;NA;NA;NA;NA
RKC028.A0101;RKC028.A0101;RKC028;RK_Ped3_Avar;RK_Ped3;MA;M;J2b2a1a1(J-Z639,J-Z631);J2b;H92;NO;YES;RK;YES;50;59;Avar;TT;NA;NA;NA;NA;NA;NA
RKC029.A0101;RKC029.A0101;RKC029;RK_Ped3_Avar;RK_Ped3;LA;F;NA;NA;U1a1a;NO;YES;RK;YES;14;16;Avar;TT;NA;NA;NA;NA;NA;NA
RKC030.A0101;RKC030.A0101;RKC030;RK_Ped3_Avar;RK_Ped3;MA;M;J2b2a1(J-Z1296);J2b;T2b4;NO;YES;RK;YES;35;45;Avar;TT;NA;NA;NA;NA;NA;NA
RKC031.A0101;RKC031.A0101;RKC031;RK_Ped3_Avar;RK_Ped3;MA;M;J2b2a1a1(J-Z631);J2b;T2b+152;NO;YES;RK;YES;35;45;Avar;TT;NA;NA;NA;NA;NA;NA
RKC032.A0101;RKC032.A0101;RKC032;RK_Ped3_Avar;RK_Ped3;LA;F;NA;NA;C4a1a4a;NO;YES;RK;YES;35;45;Avar;TT;NA;NA;NA;NA;NA;NA
RKC033.A0101;RKC033.A0101;RKC033;RK_Ped3_Avar;RK_Ped3;MA;M;J2b(J-M12);J2b;N9a;NO;YES;RK;YES;40;55;Avar;TT;NA;NA;NA;NA;NA;NA
RKC035.A0101;RKC035.A0101;RKC035;RK_Ped3_Avar;RK_Ped3;LA;M;J2b2a1a1(J-Z631);J2b;C4a1a4a;NO;YES;RK;YES;13;14;Avar;TT;NA;NA;NA;NA;NA;NA
RKC036.A0101;RKC036.A0101;RKC036;RK_Ped3_Avar;RK_Ped3;MA;M;J2b2a1a1(J-Z639,J-Z631);J2b;D4j+16311;NO;YES;RK;YES;45;55;Avar;TT;NA;NA;NA;NA;NA;NA
RKC037.A0101;RKC037.A0101;RKC037;RK_Unrel_Avar;RK_Unrelated;MA;F;NA;NA;C4a2c1;NO;YES;RK;YES;17;19;Avar;TT;NA;NA;NA;NA;NA;NA
RKC038.A0101;RKC038.A0101;RKC038;RK_Ped3_Avar;RK_Ped3;MA;M;J2b2a1a1(J-Z631);J2b;D4j+16311;NO;YES;RK;YES;40;49;Avar;TT;NA;NA;NA;NA;NA;NA
RKC039.A0101;RKC039.A0101;RKC039;RK_Ped3_Avar;RK_Ped3;MA;M;J2b2a1a1(J-Z631);J2b;G2a1;NO;YES;RK;YES;6;7;Avar;TT;NA;NA;NA;NA;NA;NA
RKC040.A0101;RKC040.A0101;RKC040;RK_Ped3_Avar;RK_Ped3;?;F;NA;NA;H6a2;NO;YES;RK;YES;50;59;Avar;TT;NA;NA;NA;NA;NA;NA
RKC041.A0101;RKC041.A0101;RKC041;RK_Unrel_Avar;RK_Unrelated;LA;M;E1b1b1a1b1a(E-V13);E1b;I1a1c;NO;YES;RK;NO;30;39;Avar;TT;NA;NA;NA;NA;NA;NA
RKC042.A0101;RKC042.A0101;RKC042;RK_Ped3_Avar;RK_Ped3;MA;M;J2b2a1a1(J-Z631);J2b;H1;NO;YES;RK;YES;16;18;Avar;TT;NA;NA;NA;NA;NA;NA
RKC043.A0101;RKC043.A0101;RKC043;RK_Ped3_Avar;RK_Ped3;LA;M;J2b2a1a1(J-Z639,J-Z631);J2b;J1c5d;NO;YES;RK;YES;30;35;Avar;TT;NA;NA;NA;NA;NA;NA
RKC045.A0101;RKC045.A0101;RKC045;RK_Ped3_Avar;RK_Ped3;?;M;J2b2a1a1(J-Z639,J-Z631);J2b;HV2a1;NO;YES;RK;YES;9;10;Avar;TT;NA;NA;NA;NA;NA;NA
RKC046.A0101;RKC046.A0101;RKC046;RK_Ped3_Avar;RK_Ped3;LA;M;J2b2a1a1(J-Z639,J-Z631);J2b;T2e;NO;YES;RK;YES;5;6;Avar;TT;NA;NA;NA;NA;NA;NA
RKC047.A0101;RKC047.A0101;RKC047;RK_Ped3_Avar;RK_Ped3;MA;M;J2b2a1a1(J-Z631);J2b;N9a9;NO;YES;RK;YES;40;45;Avar;TT;NA;NA;NA;NA;NA;NA
RKC048.A0101;RKC048.A0101;RKC048;RK_Unrel_Avar;RK_Unrelated;LA;F;NA;NA;H1h1;NO;YES;RK;YES;20;24;Avar;TT;NA;NA;NA;NA;NA;NA
RKC049.A0101;RKC049.A0101;RKC049;RK_Unrel_Avar;RK_Unrelated;LA;F;NA;NA;T2b;NO;YES;RK;YES;18;20;Avar;TT;NA;NA;NA;NA;NA;NA
RKC050.A0101;RKC050.A0101;RKC050;RK_Ped3_Avar;RK_Ped3;LA;M;J2b2a1a1(J-Z639,J-Z631);J2b;T2e;NO;YES;RK;YES;6;7;Avar;TT;NA;NA;NA;NA;NA;NA
RKC051.A0101;RKC051.A0101;RKC051;RK_Ped19_Avar;RK_Ped_others;EA;M;R1a1a1b1a2b(R-CTS1211);R1a;K1a4a1a+195;NO;YES;RK;YES;22;24;Avar;TT;NA;NA;NA;NA;NA;NA
RKC052.A0101;RKC052.A0101;RKC052;RK_Ped19_Avar;RK_Ped_others;EA;M;R1a1a1b1a2b3(R-CTS3402);R1a;K1a4a1a+195;NO;YES;RK;YES;24;29;Avar;TT;NA;NA;NA;NA;NA;NA
RKF002.A0101;RKF002.A0101;RKF002;RK_Ped4_Avar;RK_Ped4;LA;F;NA;NA;H5a1;NO;YES;RK;YES;14;18;Avar;TT;NA;NA;NA;NA;NA;NA
RKF003.A0101;RKF003.A0101;RKF003;RK_Unrel_Avar;RK_Unrelated;?;F;NA;NA;T1a1;NO;YES;RK;YES;24;39;Avar;TT;NA;NA;NA;NA;NA;NA
RKF004.A0101;RKF004.A0101;RKF004;RK_Ped5_Avar;RK_Ped5;MA;F;NA;NA;H10e1;NO;YES;RK;YES;30;59;Avar;TT;NA;NA;NA;NA;NA;NA
RKF006.A0101;RKF006.A0101;RKF006;RK_Unrel_Avar;RK_Unrelated;LA;F;NA;NA;H13a1a2b;NO;YES;RK;YES;17;24;Avar;TT;NA;NA;NA;NA;NA;NA
RKF007.A0101;RKF007.A0101;RKF007;RK_Unrel_Avar;RK_Unrelated;?;M;R1a1a1b(R-Z645);R1a;A+152+16362+16189;NO;YES;RK;YES;40;59;Avar;TT;NA;NA;NA;NA;NA;NA
RKF010.A0101;RKF010.A0101;RKF010;RK_Ped4_Avar;RK_Ped4;LA;M;J2b2a1a1(J-Z639,J-Z631);J2b;H7;NO;YES;RK;YES;25;39;Avar;TT;NA;NA;NA;NA;NA;NA
RKF011.A0101;RKF011.A0101;RKF011;RK_Ped4_Avar;RK_Ped4;LA;F;NA;NA;H1a3b;NO;YES;RK;YES;35;45;Avar;TT;NA;NA;NA;NA;NA;NA
RKF013.A0101;RKF013.A0101;RKF013;RK_Ped4_Avar;RK_Ped4;LA;M;J(J-CTS852,J-M304);J2b;H27;NO;YES;RK;YES;30;39;Avar;TT;NA;NA;NA;NA;NA;NA
RKF014.A0101;RKF014.A0101;RKF014;RK_Ped4_Avar;RK_Ped4;LA;F;NA;NA;T2c1d;NO;YES;RK;YES;24;26;Avar;TT;NA;NA;NA;NA;NA;NA
RKF015.A0101;RKF015.A0101;RKF015;RK_Ped4_Avar;RK_Ped4;LA;M;J2b2a1a1(J-Z631);J2b;T2+16189;NO;YES;RK;YES;7;9;Avar;TT;NA;NA;NA;NA;NA;NA
RKF016.A0101;RKF016.A0101;RKF016;RK_Ped4_Avar;RK_Ped4;LA;M;J2b(J-M12);J2b;T2c1d;NO;YES;RK;YES;24;39;Avar;TT;NA;NA;NA;NA;NA;NA
RKF017.A0101;RKF017.A0101;RKF017;RK_Ped4_Avar;RK_Ped4;LA;F;NA;NA;H27;NO;YES;RK;YES;30;45;Avar;TT;NA;NA;NA;NA;NA;NA
RKF018.A0101;RKF018.A0101;RKF018;RK_Ped4_Avar;RK_Ped4;LA;F;NA;NA;F1b1b;NO;YES;RK;YES;24;29;Avar;TT;NA;NA;NA;NA;NA;NA
RKF020.A0101;RKF020.A0101;RKF020;RK_Ped4_Avar;RK_Ped4;LA;M;J2b2a1a1(J-Z631);J2b;F1b1b;NO;YES;RK;YES;4;5;Avar;TT;NA;NA;NA;NA;NA;NA
RKF021.A0101;RKF021.A0101;RKF021;RK_Unrel_Avar;RK_Unrelated;LA;F;NA;NA;HV2;NO;YES;RK;YES;24;26;Avar;TT;NA;NA;NA;NA;NA;NA
RKF023.A0101;RKF023.A0101;RKF023;RK_Ped4_Avar;RK_Ped4;LA;M;J2b2a1a1(J-Z631);J2b;T2+16189;NO;YES;RK;YES;9;11;Avar;TT;NA;NA;NA;NA;NA;NA
RKF026.A0101;RKF026.A0101;RKF026;RK_Ped17_Avar;RK_Ped_others;?;M;E1b1b1a1b1(E-CTS3287,E-L618);E1b;H7c1;NO;YES;RK;YES;25;30;Avar;TT;NA;NA;NA;NA;NA;NA
RKF027.A0101;RKF027.A0101;RKF027;RK_Ped17_Avar;RK_Ped_others;?;M;E1b1b1a1b1(E-CTS3287,E-L618);E1b;U2e1b1;NO;YES;RK;NO;11;13;Avar;TT;NA;NA;NA;NA;NA;NA
RKF028.A0101;RKF028.A0101;RKF028;RK_Ped4_Avar;RK_Ped4;LA;F;NA;NA;H7a1;NO;YES;RK;YES;40;49;Avar;TT;NA;NA;NA;NA;NA;NA
RKF029.A0101;RKF029.A0101;RKF029;RK_Ped5_Avar;RK_Ped5;MA;M;J2b2a1a1(J-Z631);J2b;M8a2b;NO;YES;RK;YES;12;13;Avar;TT;NA;NA;NA;NA;NA;NA
RKF030.A0101;RKF030.A0101;RKF030;RK_Unrel_Avar;RK_Unrelated;?;F;NA;NA;U2e2;NO;YES;RK;YES;18;24;Avar;TT;NA;NA;NA;NA;NA;NA
RKF031.A0101;RKF031.A0101;RKF031;RK_Ped5_Avar;RK_Ped5;MA;M;J2b2a1a1(J-Z631);J2b;M8a2b;NO;YES;RK;YES;40;45;Avar;TT;NA;NA;NA;NA;NA;NA
RKF032.A0101;RKF032.A0101;RKF032;RK_Ped5_Avar;RK_Ped5;LA;M;J2b2a1a1(J-Z631);J2b;J1c9;NO;YES;RK;YES;22;24;Avar;TT;NA;NA;NA;NA;NA;NA
RKF034.A0101;RKF034.A0101;RKF034;RK_Ped5_Avar;RK_Ped5;LA;M;J2b2a1a1(J-Z639,J-Z631);J2b;H13a1a1;NO;YES;RK;YES;35;45;Avar;TT;NA;NA;NA;NA;NA;NA
RKF036.A0101;RKF036.A0101;RKF036;RK_Ped5_Avar;RK_Ped5;LA;M;J2b2a1a1(J-Z631);J2b;A8a1;NO;YES;RK;YES;24;29;Avar;TT;NA;NA;NA;NA;NA;NA
RKF037.A0101;RKF037.A0101;RKF037;RK_Ped4_Avar;RK_Ped4;MA;F;NA;NA;U4a2g;NO;YES;RK;YES;5;7;Avar;TT;NA;NA;NA;NA;NA;NA
RKF038.A0101;RKF038.A0101;RKF038;RK_Ped4_Avar;RK_Ped4;LA;M;J2b(J-M12);J2b;K1a1a2;NO;YES;RK;YES;4;5;Avar;TT;NA;NA;NA;NA;NA;NA
RKF039.A0101;RKF039.A0101;RKF039;RK_Unrel_Avar;RK_Unrelated;?;F;NA;NA;I1f;NO;YES;RK;YES;24;39;Avar;TT;NA;NA;NA;NA;NA;NA
RKF042.A0101;RKF042.A0101;RKF042;RK_Ped4_Avar;RK_Ped4;MA;M;J2b2a1a1(J-Z639,J-Z631);J2b;C4a1a4;NO;YES;RK;YES;35;49;Avar;TT;NA;NA;NA;NA;NA;NA
RKF043.A0101;RKF043.A0101;RKF043;RK_Ped5_Avar;RK_Ped5;MA;F;NA;NA;V7a;NO;YES;RK;YES;40;49;Avar;TT;NA;NA;NA;NA;NA;NA
RKF044.A0101;RKF044.A0101;RKF044;RK_Unrel_Avar;RK_Unrelated;MA;F;NA;NA;H6b2;NO;YES;RK;YES;45;59;Avar;TT;NA;NA;NA;NA;NA;NA
RKF046.A0101;RKF046.A0101;RKF046;RK_Ped5_Avar;RK_Ped5;LA;M;J2b2a1a1(J-Z631);J2b;V7a;NO;YES;RK;YES;7;9;Avar;TT;NA;NA;NA;NA;NA;NA
RKF047.A0101;RKF047.A0101;RKF047;RK_Ped4_Avar;RK_Ped4;MA;M;J2b2a1a1(J-Z631);J2b;C4a1a4;NO;YES;RK;YES;30;39;Avar;TT;NA;NA;NA;NA;NA;NA
RKF050.A0101;RKF050.A0101;RKF050;RK_Ped6_Avar;RK_Ped6;EA;M;J1(J-M267);J1a;U4;NO;YES;RK;YES;30;39;Avar;TT;NA;NA;NA;NA;NA;NA
RKF051.A0101;RKF051.A0101;RKF051;RK_Unrel_Sarm;Sarm_P;Sarm;F;NA;NA;T2b;NO;YES;RK_Sarmatian;NO;2;3;Sarmatian;TT;NA;NA;NA;NA;NA;NA
RKF052.A0101;RKF052.A0101;RKF052;RK_Ped6_Avar;RK_Ped6;EA;M;J1(J-M267);J1a;H1a3;NO;YES;RK;YES;24;29;Avar;TT;NA;NA;NA;NA;NA;NA
RKF053.A0101;RKF053.A0101;RKF053;RK_Ped1_Avar;RK_Ped1;EA;M;J1a(J-CTS5368);J1a;D4j+16311;NO;YES;RK;YES;30;49;Avar;TT;NA;NA;NA;NA;NA;NA
RKF055.A0101;RKF055.A0101;RKF055;RK_Ped12_Avar;RK_Ped12;EA;F;NA;NA;K1a19;NO;YES;RK;YES;25;29;Avar;TT;NA;NA;NA;NA;NA;NA
RKF061.A0101;RKF061.A0101;RKF061;RK_Ped2_Avar;RK_Ped2;EA;F;NA;NA;C4a1a+195;NO;YES;RK;YES;40;59;Avar;TT;NA;NA;NA;NA;NA;NA
RKF062.A0101;RKF062.A0101;RKF062;RK_Ped8_Avar;RK_Ped8;EA;M;J1a2b(J-P58);J1a;M8;NO;YES;RK;YES;30;39;Avar;TT;NA;NA;NA;NA;NA;NA
RKF063.A0101;RKF063.A0101;RKF063;RK_Unrel_Avar;RK_Unrelated;MA;F;NA;NA;D4j+(16286);NO;YES;RK;YES;24;29;Avar;TT;NA;NA;NA;NA;NA;NA
RKF065.A0101;RKF065.A0101;RKF065;RK_Ped16_Avar;NO;Neo;F;NA;NA;T1a2;YES;YES;RK;NO;;NA;Avar;TT;NA;NA;NA;NA;NA;NA
RKF066.A0101;RKF066.A0101;RKF066;RK_Unrel_Avar;RK_Unrelated;EA;F;NA;NA;H11b1;NO;YES;RK;YES;35;39;Avar;TT;NA;NA;NA;NA;NA;NA
RKF067.A0101;RKF067.A0101;RKF067;RK_Ped8_Avar;RK_Ped8;EA;F;NA;NA;D4c2b;NO;YES;RK;YES;35;49;Avar;TT;NA;NA;NA;NA;NA;NA
RKF070.A0101;RKF070.A0101;RKF070;RK_Ped16_Avar;NO;Neo;M;G2a2a1a(G-PF3177);G2a;H2a2;YES;YES;RK;NO;4;5;Avar;TT;NA;NA;NA;NA;NA;NA
RKF072.A0101;RKF072.A0101;RKF072;RK_Unrel_Avar;RK_Unrelated;?;F;NA;NA;I2;NO;YES;RK;YES;35;45;Avar;TT;NA;NA;NA;NA;NA;NA
RKF074.A0101;RKF074.A0101;RKF074;RK_Ped14_Avar;RK_Ped14;EA;M;J1a2b(J-P58);J1a;G2a2;NO;YES;RK;YES;40;49;Avar;TT;NA;NA;NA;NA;NA;NA
RKF076.A0101;RKF076.A0101;RKF076;RK_Ped7_Avar;RK_Ped7;EA;M;J1(J-M267);J1a;C4a1a3d;NO;YES;RK;YES;40;49;Avar;TT;NA;NA;NA;NA;NA;NA
RKF078.A0101;RKF078.A0101;RKF078;RK_Ped7_Avar;RK_Ped7;EA;F;NA;NA;U4a;NO;YES;RK;NO;20;25;Avar;TT;NA;NA;NA;NA;NA;NA
RKF080.A0101;RKF080.A0101;RKF080;RK_Ped7_Avar;RK_Ped7;EA;M;J1a(J-CTS5368);J1a;U5a1j;NO;YES;RK;YES;30;59;Avar;TT;NA;NA;NA;NA;NA;NA
RKF081.A0101;RKF081.A0101;RKF081;RK_Ped2_Avar;RK_Ped2;EA;F;NA;NA;C4a1a;NO;YES;RK;YES;24;59;Avar;TT;NA;NA;NA;NA;NA;NA
RKF084.A0101;RKF084.A0101;RKF084;RK_Ped7_Avar;RK_Ped7;EA;F;NA;NA;H1aa1;NO;YES;RK;YES;35;45;Avar;TT;NA;NA;NA;NA;NA;NA
RKF088.A0101;RKF088.A0101;RKF088;RK_Ped2_Avar;RK_Ped2;MA;M;J1a2b(J-P58);J1a;K1b2a2;NO;YES;RK;YES;40;49;Avar;TT;NA;NA;NA;NA;NA;NA
RKF089.A0101;RKF089.A0101;RKF089;RK_Ped9_Avar;RK_Ped_others;?;F;NA;NA;J1b1a1+146;NO;YES;RK;YES;9;10;Avar;TT;NA;NA;NA;NA;NA;NA
RKF091.A0101;RKF091.A0101;RKF091;RK_Unrel_Avar;RK_Unrelated;?;F;NA;NA;T1a3;NO;YES;RK;YES;30;59;Avar;TT;NA;NA;NA;NA;NA;NA
RKF092.A0101;RKF092.A0101;RKF092;RK_Ped15_Avar;RK_Ped_others;LA;M;N1c1(N-L395,N-M46);N1a;T1a1;NO;YES;RK;YES;30;39;Avar;TT;NA;NA;NA;NA;NA;NA
RKF095.A0101;RKF095.A0101;RKF095;RK_Ped15_Avar;RK_Ped_others;LA;M;N1c1a1(N-L708);N1a;T1a1;NO;YES;RK;YES;20;25;Avar;TT;NA;NA;NA;NA;NA;NA
RKF098.A0101;RKF098.A0101;RKF098;RK_Ped2_Avar;RK_Ped2;MA;M;J1a(J-CTS5368);J1a;F1b1b;NO;YES;RK;YES;40;49;Avar;TT;NA;NA;NA;NA;NA;NA
RKF099.A0101;RKF099.A0101;RKF099;RK_Ped4_Avar;RK_Ped4;LA;M;J2b(J-M12);J2b;H1;NO;YES;RK;YES;40;49;Avar;TT;NA;NA;NA;NA;NA;NA
RKF101.A0101;RKF101.A0101;RKF101;RK_Unrel_Avar;RK_Unrelated;?;F;NA;NA;D4j11;NO;YES;RK;YES;24;34;Avar;TT;NA;NA;NA;NA;NA;NA
RKF102.A0101;RKF102.A0101;RKF102;RK_Unrel_Avar;RK_Unrelated;?;F;NA;NA;U1a1;NO;YES;RK;YES;25;35;Avar;TT;NA;NA;NA;NA;NA;NA
RKF104.A0101;RKF104.A0101;RKF104;RK_Ped2_Avar;RK_Ped2;MA;M;J1a2b(J-P58);J1a;H26;NO;YES;RK;YES;15;17;Avar;TT;NA;NA;NA;NA;NA;NA
RKF105.A0101;RKF105.A0101;RKF105;RK_Ped12_Avar;RK_Ped12;EA;F;NA;NA;U5b1b1+@16192;NO;YES;RK;YES;35;45;Avar;TT;NA;NA;NA;NA;NA;NA
RKF109.A0101;RKF109.A0101;RKF109;RK_Ped12_Avar;RK_Ped12;EA;M;J1a2b(J-P58);J1a;U5b1b1+@16192;NO;YES;RK;YES;40;49;Avar;TT;NA;NA;NA;NA;NA;NA
RKF110.A0101;RKF110.A0101;RKF110;RK_Ped1_Avar;RK_Ped1;EA;M;J1a(J-CTS5368);J1a;H55;NO;YES;RK;YES;20;24;Avar;TT;NA;NA;NA;NA;NA;NA
RKF112.A0101;RKF112.A0101;RKF112;RK_Ped16_Avar;NO;Neo;M;G2a2a1a(G-PF3177);G2a;H+152;YES;YES;RK;NO;;NA;Avar;TT;NA;NA;NA;NA;NA;NA
RKF113.A0101;RKF113.A0101;RKF113;RK_Ped1_Avar;RK_Ped1;EA;F;NA;NA;G2a3a;NO;YES;RK;YES;13;15;Avar;TT;NA;NA;NA;NA;NA;NA
RKF115.A0101;RKF115.A0101;RKF115;RK_Ped20_Avar;RK_Ped_others;EA;M;E1b1b1a1b1a(E-V13);E1b;K1c1;NO;YES;RK;NO;40;49;Avar;TT;NA;NA;NA;NA;NA;NA
RKF116.A0101;RKF116.A0101;RKF116;RK_Ped1_Avar;RK_Ped1;EA;F;NA;NA;G2a3a;NO;YES;RK;YES;30;39;Avar;TT;NA;NA;NA;NA;NA;NA
RKF117.A0101;RKF117.A0101;RKF117;RK_Ped12_Avar;RK_Ped12;EA;M;J1a2b(J-P58);J1a;U5b1b1+@16192;NO;YES;RK;YES;25;35;Avar;TT;NA;NA;NA;NA;NA;NA
RKF118.A0101;RKF118.A0101;RKF118;RK_Ped4_Avar;RK_Ped4;LA;M;J2b2a1a1(J-Z631);J2b;K1a1a2;NO;YES;RK;YES;24;29;Avar;TT;NA;NA;NA;NA;NA;NA
RKF120.A0101;RKF120.A0101;RKF120;RK_Ped4_Avar;RK_Ped4;LA;F;NA;NA;T2;NO;YES;RK;YES;40;49;Avar;TT;NA;NA;NA;NA;NA;NA
RKF121.A0101;RKF121.A0101;RKF121;RK_Ped1_Avar;RK_Ped1;EA;M;J1a(J-CTS5368);J1a;K1b2a2;NO;YES;RK;YES;30;39;Avar;TT;NA;NA;NA;NA;NA;NA
RKF124.A0101;RKF124.A0101;RKF124;RK_Ped1_Avar;RK_Ped1;EA;M;J1a2b(J-P58);J1a;D4j+16311;NO;YES;RK;YES;40;49;Avar;TT;NA;NA;NA;NA;NA;NA
RKF127.A0101;RKF127.A0101;RKF127;RK_Ped4_Avar;RK_Ped4;LA;M;J2b2a1a1(J-Z631);J2b;H27;NO;YES;RK;YES;1;1;Avar;TT;NA;NA;NA;NA;NA;NA
RKF129.A0101;RKF129.A0101;RKF129;RK_Ped8_Avar;RK_Ped8;EA;M;J1a(J-CTS5368);J1a;D4c2b;NO;YES;RK;YES;40;49;Avar;TT;NA;NA;NA;NA;NA;NA
RKF132.A0101;RKF132.A0101;RKF132;RK_Unrel_Avar;RK_Unrelated;EA;F;NA;NA;H2b;NO;YES;RK;YES;24;29;Avar;TT;NA;NA;NA;NA;NA;NA
RKF133.A0101;RKF133.A0101;RKF133;RK_Ped12_Avar;RK_Ped12;EA;F;NA;NA;D4;NO;YES;RK;YES;30;39;Avar;TT;NA;NA;NA;NA;NA;NA
RKF134.A0101;RKF134.A0101;RKF134;RK_Unrel_Avar;RK_Unrelated;?;F;NA;NA;T2b;NO;YES;RK;NO;35;45;Avar;TT;NA;NA;NA;NA;NA;NA
RKF135.A0101;RKF135.A0101;RKF135;RK_Unrel_Avar;RK_Unrelated;?;F;NA;NA;N9a9;NO;YES;RK;YES;30;39;Avar;TT;NA;NA;NA;NA;NA;NA
RKF136.A0101;RKF136.A0101;RKF136;RK_Ped2_Avar;RK_Ped2;MA;F;NA;NA;H1a3;NO;YES;RK;YES;16;20;Avar;TT;NA;NA;NA;NA;NA;NA
RKF138.A0101;RKF138.A0101;RKF138;RK_Unrel_Avar;RK_Unrelated;MA;F;NA;NA;H6a1;NO;YES;RK;YES;40;49;Avar;TT;NA;NA;NA;NA;NA;NA
RKF139.A0101;RKF139.A0101;RKF139;RK_Ped5_Avar;RK_Ped5;LA;M;J2b2a1a1(J-Z631);J2b;H10e1;NO;YES;RK;YES;1;3;Avar;TT;NA;NA;NA;NA;NA;NA
RKF140.A0101;RKF140.A0101;RKF140;RK_Ped4_Avar;RK_Ped4;MA;F;NA;NA;T2c1d;NO;YES;RK;YES;40;49;Avar;TT;NA;NA;NA;NA;NA;NA
RKF141.A0101;RKF141.A0101;RKF141;RK_Ped5_Avar;RK_Ped5;MA;M;J2b2a1a1(J-Z631);J2b;M8a2b;NO;YES;RK;YES;35;45;Avar;TT;NA;NA;NA;NA;NA;NA
RKF142.A0101;RKF142.A0101;RKF142;RK_Ped4_Avar;RK_Ped4;LA;M;J2b2(J-M241);J2b;T2c1d;NO;YES;RK;YES;35;45;Avar;TT;NA;NA;NA;NA;NA;NA
RKF143.A0101;RKF143.A0101;RKF143;RK_Ped5_Avar;RK_Ped5;MA;F;NA;NA;H13a1a1;NO;YES;RK;YES;24;35;Avar;TT;NA;NA;NA;NA;NA;NA
RKF145.A0101;RKF145.A0101;RKF145;RK_Ped2_Avar;RK_Ped2;EA;M;J1a2b(J-P58);J1a;C4a1a+195;NO;YES;RK;YES;45;55;Avar;TT;NA;NA;NA;NA;NA;NA
RKF147.A0101;RKF147.A0101;RKF147;RK_Ped2_Avar;RK_Ped2;MA;M;J1a2b(J-P58);J1a;J2a2a;NO;YES;RK;YES;30;39;Avar;TT;NA;NA;NA;NA;NA;NA
RKF148.A0101;RKF148.A0101;RKF148;RK_Ped2_Avar;RK_Ped2;EA;M;J1a2b(J-P58);J1a;M10a1a1b;NO;YES;RK;YES;45;55;Avar;TT;NA;NA;NA;NA;NA;NA
RKF150.A0101;RKF150.A0101;RKF150;RK_Ped3_Avar;RK_Ped3;MA;F;NA;NA;T2a1a;NO;YES;RK;YES;24;29;Avar;TT;NA;NA;NA;NA;NA;NA
RKF151.A0101;RKF151.A0101;RKF151;RK_Ped5_Avar;RK_Ped5;LA;F;NA;NA;U5a1b;NO;YES;RK;YES;25;35;Avar;TT;NA;NA;NA;NA;NA;NA
RKF153.A0101;RKF153.A0101;RKF153;RK_Ped5_Avar;RK_Ped5;MA;F;NA;NA;A8a1;NO;YES;RK;YES;50;59;Avar;TT;NA;NA;NA;NA;NA;NA
RKF154.A0101;RKF154.A0101;RKF154;RK_Unrel_Avar;RK_Unrelated;?;M;C2b1a1b(C-F3937,C-F1756);C2b;C4;NO;YES;RK;YES;25;35;Avar;TT;NA;NA;NA;NA;NA;NA
RKF155.A0101;RKF155.A0101;RKF155;RK_Ped5_Avar;RK_Ped5;LA;M;J2b2a1a1(J-Z639,J-Z631);J2b;A8a1;NO;YES;RK;YES;25;30;Avar;TT;NA;NA;NA;NA;NA;NA
RKF156.A0101;RKF156.A0101;RKF156;RK_Ped4_Avar;RK_Ped4;LA;M;J2b2a1a1(J-Z631);J2b;K1+16362;NO;YES;RK;YES;11;14;Avar;TT;NA;NA;NA;NA;NA;NA
RKF157.A0101;RKF157.A0101;RKF157;RK_Ped5_Avar;RK_Ped5;MA;M;J2b2a1a1(J-Z631);J2b;M8a2b;NO;YES;RK;YES;40;49;Avar;TT;NA;NA;NA;NA;NA;NA
RKF158.A0101;RKF158.A0101;RKF158;RK_Ped5_Avar;RK_Ped5;LA;F;NA;NA;U5a1b;NO;YES;RK;YES;7;8;Avar;TT;NA;NA;NA;NA;NA;NA
RKF159.A0101;RKF159.A0101;RKF159;RK_Unrel_Avar;RK_Unrelated;LA;F;NA;NA;H5a1g1a;NO;YES;RK;YES;35;50;Avar;TT;NA;NA;NA;NA;NA;NA
RKF160.A0101;RKF160.A0101;RKF160;RK_Ped4_Avar;RK_Ped4;LA;M;J2b2a1a1(J-Z631);J2b;U4a2g;NO;YES;RK;YES;30;39;Avar;TT;NA;NA;NA;NA;NA;NA
RKF161.A0101;RKF161.A0101;RKF161;RK_Unrel_Avar;RK_Unrelated;?;F;NA;NA;V1a1;NO;YES;RK;YES;40;49;Avar;TT;NA;NA;NA;NA;NA;NA
RKF162.A0101;RKF162.A0101;RKF162;RK_Ped4_Avar;RK_Ped4;LA;F;NA;NA;HV0e;NO;YES;RK;YES;6;7;Avar;TT;NA;NA;NA;NA;NA;NA
RKF163.A0101;RKF163.A0101;RKF163;RK_Ped2_Avar;RK_Ped2;EA;M;J1a2b(J-P58);J1a;B4b1a3a;NO;YES;RK;YES;30;39;Avar;TT;NA;NA;NA;NA;NA;NA
RKF164.A0101;RKF164.A0101;RKF164;RK_Ped2_Avar;RK_Ped2;EA;M;J1a2b(J-P58);J1a;M10a1a1b;NO;YES;RK;YES;40;49;Avar;TT;NA;NA;NA;NA;NA;NA
RKF169.A0101;RKF169.A0101;RKF169;RK_Unrel_Avar;RK_Unrelated;LA;F;NA;NA;U4a2g;NO;YES;RK;NO;18;23;Avar;TT;NA;NA;NA;NA;NA;NA
RKF170.A0101;RKF170.A0101;RKF170;RK_Ped5_Avar;RK_Ped5;LA;M;J2b2a1a1(J-Z631);J2b;H13a1a1;NO;YES;RK;YES;45;55;Avar;TT;NA;NA;NA;NA;NA;NA
RKF172.A0101;RKF172.A0101;RKF172;RK_Ped6_Avar;RK_Ped6;EA;M;J1a(J-CTS5368);J1a;D4j5a;NO;YES;RK;YES;30;49;Avar;TT;NA;NA;NA;NA;NA;NA
RKF173.A0101;RKF173.A0101;RKF173;RK_Ped6_Avar;RK_Ped6;EA;M;J1a2b(J-P58);J1a;H1a3;NO;YES;RK;YES;24;35;Avar;TT;NA;NA;NA;NA;NA;NA
RKF175.A0101;RKF175.A0101;RKF175;RK_Ped6_Avar;RK_Ped6;EA;M;J1a2b(J-P58);J1a;H5b3;NO;YES;RK;YES;40;55;Avar;TT;NA;NA;NA;NA;NA;NA
RKF176.A0101;RKF176.A0101;RKF176;RK_Ped8_Avar;RK_Ped8;EA;M;J1a(J-CTS5368);J1a;M8;NO;YES;RK;YES;35;45;Avar;TT;NA;NA;NA;NA;NA;NA
RKF177.A0101;RKF177.A0101;RKF177;RK_Unrel_Avar;RK_Unrelated;EA;F;NA;NA;H8c;NO;YES;RK;YES;24;35;Avar;TT;NA;NA;NA;NA;NA;NA
RKF179.A0101;RKF179.A0101;RKF179;RK_Ped8_Avar;RK_Ped8;EA;F;NA;NA;J1b4;NO;YES;RK;YES;30;39;Avar;TT;NA;NA;NA;NA;NA;NA
RKF181.A0101;RKF181.A0101;RKF181;RK_Ped2_Avar;RK_Ped2;EA;M;J1a(J-CTS5368);J1a;B4b1a3a;NO;YES;RK;YES;30;39;Avar;TT;NA;NA;NA;NA;NA;NA
RKF182.A0101;RKF182.A0101;RKF182;RK_Ped2_Avar;RK_Ped2;EA;M;J1a2b(J-P58);J1a;H6a1a;NO;YES;RK;YES;35;49;Avar;TT;NA;NA;NA;NA;NA;NA
RKF183.A0101;RKF183.A0101;RKF183;RK_Ped21_Avar;RK_Ped_others;EA;M;I1a1b(I-L22);I1a;T2b;NO;YES;RK;NO;45;55;Avar;TT;NA;NA;NA;NA;NA;NA
RKF185.A0101;RKF185.A0101;RKF185;RK_Ped2_Avar;RK_Ped2;MA;F;NA;NA;M10a1a1b;NO;YES;RK;YES;35;50;Avar;TT;NA;NA;NA;NA;NA;NA
RKF188.A0101;RKF188.A0101;RKF188;RK_Unrel_Avar;RK_Unrelated;?;F;NA;NA;H1c;NO;YES;RK;NO;25;39;Avar;TT;NA;NA;NA;NA;NA;NA
RKF189.A0101;RKF189.A0101;RKF189;RK_Unrel_Avar;RK_Unrelated;?;F;NA;NA;D4b1a2a1;NO;YES;RK;YES;25;29;Avar;TT;NA;NA;NA;NA;NA;NA
RKF190.A0101;RKF190.A0101;RKF190;RK_Ped4_Avar;RK_Ped4;LA;F;NA;NA;J1b1a1;NO;YES;RK;YES;24;35;Avar;TT;NA;NA;NA;NA;NA;NA
RKF191.A0101;RKF191.A0101;RKF191;RK_Ped4_Avar;RK_Ped4;LA;M;J2b2a1a1(J-Z639,J-Z631);J2b;H1a3b;NO;YES;RK;YES;35;45;Avar;TT;NA;NA;NA;NA;NA;NA
RKF192.A0101;RKF192.A0101;RKF192;RK_Ped2_Avar;RK_Ped2;EA;M;J1(J-M267);J1a;H26;NO;YES;RK;YES;35;45;Avar;TT;NA;NA;NA;NA;NA;NA
RKF193.A0101;RKF193.A0101;RKF193;RK_Ped7_Avar;RK_Ped7;MA;M;J1a(J-CTS5368);J1a;U4a;NO;YES;RK;YES;40;49;Avar;TT;NA;NA;NA;NA;NA;NA
RKF194.A0101;RKF194.A0101;RKF194;RK_Ped1_Avar;RK_Ped1;EA;M;J1a2b(J-P58);J1a;K1b2a2;NO;YES;RK;YES;20;29;Avar;TT;NA;NA;NA;NA;NA;NA
RKF195.A0101;RKF195.A0101;RKF195;RK_Ped1_Avar;RK_Ped1;EA;F;NA;NA;K1b2a2;NO;YES;RK;YES;20;39;Avar;TT;NA;NA;NA;NA;NA;NA
RKF196.A0101;RKF196.A0101;RKF196;RK_Ped1_Avar;RK_Ped1;EA;M;J1a2b(J-P58);J1a;D4j+16311;NO;YES;RK;YES;40;49;Avar;TT;NA;NA;NA;NA;NA;NA
RKF198.A0101;RKF198.A0101;RKF198;RK_Ped4_Avar;RK_Ped4;LA;M;J2b2a1a1(J-Z639,J-Z631);J2b;J1b1a1;NO;YES;RK;YES;18;20;Avar;TT;NA;NA;NA;NA;NA;NA
RKF199.A0101;RKF199.A0101;RKF199;RK_Ped4_Avar;RK_Ped4;LA;M;J2b2a1a1(J-Z631);J2b;H5a1;NO;YES;RK;YES;10;12;Avar;TT;NA;NA;NA;NA;NA;NA
RKF200.A0101;RKF200.A0101;RKF200;RK_Ped20_Avar;RK_Ped_others;EA;M;E1b1b1a1b1(E-CTS1975,E-L618);E1b;U3b;NO;YES;RK;NO;40;45;Avar;TT;NA;NA;NA;NA;NA;NA
RKF201.A0101;RKF201.A0101;RKF201;RK_Ped8_Avar;RK_Ped8;EA;M;J1a2b(J-P58);J1a;J1b;NO;YES;RK;YES;25;35;Avar;TT;NA;NA;NA;NA;NA;NA
RKF202.A0101;RKF202.A0101;RKF202;RK_Unrel_Avar;RK_Unrelated;?;F;NA;NA;H49;NO;YES;RK;NO;20;25;Avar;TT;NA;NA;NA;NA;NA;NA
RKF207.A0101;RKF207.A0101;RKF207;RK_Ped2_Avar;RK_Ped2;MA;F;NA;NA;J2a2a;NO;YES;RK;YES;20;39;Avar;TT;NA;NA;NA;NA;NA;NA
RKF208.A0101;RKF208.A0101;RKF208;RK_Unrel_Avar;RK_Unrelated;?;F;NA;NA;H+195;NO;YES;RK;NO;40;55;Avar;TT;NA;NA;NA;NA;NA;NA
RKF209.A0101;RKF209.A0101;RKF209;RK_Ped4_Avar;RK_Ped4;MA;F;NA;NA;T2c1d+152;NO;YES;RK;YES;16;19;Avar;TT;NA;NA;NA;NA;NA;NA
RKF210.A0101;RKF210.A0101;RKF210;RK_Ped5_Avar;RK_Ped5;LA;M;J2b2a1a1(J-Z631);J2b;A8a1;NO;YES;RK;YES;35;45;Avar;TT;NA;NA;NA;NA;NA;NA
RKF213.A0101;RKF213.A0101;RKF213;RK_Ped5_Avar;RK_Ped5;MA;M;J2b2a1a1(J-Z639,J-Z631);J2b;M8a2b;NO;YES;RK;YES;30;59;Avar;TT;NA;NA;NA;NA;NA;NA
RKF216.A0101;RKF216.A0101;RKF216;Neolithic;NO;Neo;M;G2a2a1(G-PF3170,G-PF3148);G2a;H76a;YES;YES;RK;NO;;NA;Avar;TT;NA;NA;NA;NA;NA;NA
RKF217.A0101;RKF217.A0101;RKF217;RK_Ped10_Avar;RK_Ped_others;?;M;R1b1a2a2(R-Z2105,R-CTS1078);R1b;J1b1a2b;NO;YES;RK;YES;45;55;Avar;TT;NA;NA;NA;NA;NA;NA
RKF218.A0101;RKF218.A0101;RKF218;RK_Ped4_Avar;RK_Ped4;LA;M;J2b2a1a(J-Z1298,J-Z1297);J2b;H7a1;NO;YES;RK;YES;50;59;Avar;TT;NA;NA;NA;NA;NA;NA
RKF222.A0101;RKF222.A0101;RKF222;RK_Unrel_Avar;RK_Unrelated;MA;F;NA;NA;T2c1d1;NO;YES;RK;YES;24;29;Avar;TT;NA;NA;NA;NA;NA;NA
RKF223.A0101;RKF223.A0101;RKF223;RK_Unrel_Avar;RK_Unrelated;?;M;E1b1b1a1b1(E-CTS3287,E-L618);E1b;G2a5;NO;YES;RK;YES;40;49;Avar;TT;NA;NA;NA;NA;NA;NA
RKF224.A0101;RKF224.A0101;RKF224;RK_Unrel_Avar;RK_Unrelated;?;M;I2a2a1b1b2(I-S12195);I2a;I1a1;NO;YES;RK;NO;35;38;Avar;TT;NA;NA;NA;NA;NA;NA
RKF226.A0101;RKF226.A0101;RKF226;RK_Ped2_Avar;RK_Ped2;MA;M;J1a(J-CTS5368);J1a;J2a2a;NO;YES;RK;YES;35;45;Avar;TT;NA;NA;NA;NA;NA;NA
RKF228.A0101;RKF228.A0101;RKF228;RK_Ped7_Avar;RK_Ped7;EA;F;NA;NA;H1aa1;NO;YES;RK;YES;5;6;Avar;TT;NA;NA;NA;NA;NA;NA
RKF231.A0101;RKF231.A0101;RKF231;RK_Ped4_Avar;RK_Ped4;LA;M;J2b(J-M12);J2b;T2;NO;YES;RK;YES;24;26;Avar;TT;NA;NA;NA;NA;NA;NA
RKF234.A0101;RKF234.A0101;RKF234;RK_Ped7_Avar;RK_Ped7;EA;F;NA;NA;C4b;NO;YES;RK;YES;7;8;Avar;TT;NA;NA;NA;NA;NA;NA
RKF237.A0101;RKF237.A0101;RKF237;RK_Ped2_Avar;RK_Ped2;MA;M;J1a2b(J-P58);J1a;J2a2a;NO;YES;RK;YES;35;45;Avar;TT;NA;NA;NA;NA;NA;NA
RKF238.A0101;RKF238.A0101;RKF238;RK_Ped3_Avar;RK_Ped3;MA;F;NA;NA;T2c1d;NO;YES;RK;YES;8;9;Avar;TT;NA;NA;NA;NA;NA;NA
RKF241.A0101;RKF241.A0101;RKF241;RK_Unrel_Sarm;Sarm_P;Sarm;M;R1a1a1b2a2b1(R-F1345);R1a;H+13708;NO;YES;RK_Sarmatian;NO;;NA;Sarmatian;TT;NA;NA;NA;NA;NA;NA
RKF242.A0101;RKF242.A0101;RKF242;RK_Ped_Sarm;Sarm_P;Sarm;M;I2a2a1b1(I-L702);I2a;H1;NO;YES;RK_Sarmatian;NO;;NA;Sarmatian;TT;NA;NA;NA;NA;NA;NA
RKF243.A0101;RKF243.A0101;RKF243;RK_Ped_Sarm;Sarm_P;Sarm;M;J2a1(J-L26);J2a;H1c+152;NO;YES;RK_Sarmatian;NO;;NA;Sarmatian;TT;NA;NA;NA;NA;NA;NA
RKF246.A0101;RKF246.A0101;RKF246;RK_Ped_Sarm;Sarm_P;Sarm;F;NA;NA;K2a3a;NO;YES;RK_Sarmatian;NO;;NA;Sarmatian;TT;NA;NA;NA;NA;NA;NA
RKF248.A0101;RKF248.A0101;RKF248;RK_Unrel_Sarm;Sarm_P;Sarm;M;R1a1a1b2a2b(R-Z2122);R1a;H7;NO;YES;RK_Sarmatian;NO;;NA;Sarmatian;TT;NA;NA;NA;NA;NA;NA
RKF250.A0101;RKF250.A0101;RKF250;RK_Ped_Sarm;Sarm_P;Sarm;F;NA;NA;H11a;NO;YES;RK_Sarmatian;NO;;NA;Sarmatian;TT;NA;NA;NA;NA;NA;NA
RKF251.A0101;RKF251.A0101;RKF251;RK_Ped_Sarm;Sarm_P;Sarm;F;NA;NA;H2a2a1;NO;YES;RK_Sarmatian;NO;;NA;Sarmatian;TT;NA;NA;NA;NA;NA;NA
RKF253.A0101;RKF253.A0101;RKF253;RK_Unrel_Sarm;Sarm_P;Sarm;M;R1b1a2a1a2(R-P312);R1b;H;NO;YES;RK_Sarmatian;NO;;NA;Sarmatian;TT;NA;NA;NA;NA;NA;NA
RKF254.A0101;RKF254.A0101;RKF254;RK_Ped_Sarm;Sarm_P;Sarm;F;NA;NA;J1c5a;NO;YES;RK_Sarmatian;NO;;NA;Sarmatian;TT;NA;NA;NA;NA;NA;NA
RKF255.A0101;RKF255.A0101;RKF255;RK_Ped_Gep_P;Gep_P;Gep_P;M;G2a2b1a(G-M3338,G-FGC5089);G2a;HV+16311;NO;YES;RK_Gepid;NO;;NA;Gepid;TT;NA;NA;NA;NA;NA;NA
RKF256.A0101;RKF256.A0101;RKF256;RK_Ped_Sarm;Sarm_P;Sarm;F;NA;NA;J1c5a;NO;YES;RK_Sarmatian;NO;;NA;Sarmatian;TT;NA;NA;NA;NA;NA;NA
RKF258.A0101;RKF258.A0101;RKF258;RK_Ped_Gep_P;Gep_P;Gep_P;M;G2a2b1a2(G-M3376,G-M3302);G2a;V1a;NO;YES;RK_Gepid;NO;;NA;Gepid;TT;NA;NA;NA;NA;NA;NA
RKF259.A0101;RKF259.A0101;RKF259;RK_Ped_Sarm;Sarm_P;Sarm;F;NA;NA;J1c5a;NO;YES;RK_Sarmatian;NO;;NA;Sarmatian;TT;NA;NA;NA;NA;NA;NA
RKF260.A0101;RKF260.A0101;RKF260;RK_Unrel_Sarm;Sarm_P;Sarm;F;NA;NA;N1b1a2;NO;YES;RK_Sarmatian;NO;;NA;Sarmatian;TT;NA;NA;NA;NA;NA;NA
RKF263.A0101;RKF263.A0101;RKF263;RK_Unrel_Sarm;Sarm_P;Sarm;M;R1b1a2a1a2(R-P312);R1b;H;NO;YES;RK_Sarmatian;NO;;NA;Sarmatian;TT;NA;NA;NA;NA;NA;NA
RKF265.A0101;RKF265.A0101;RKF265;RK_Unrel_Sarm;Sarm_P;Sarm;M;R1a1a(R-L449,R-M512);R1a;K1a;NO;YES;RK_Sarmatian;NO;;NA;Sarmatian;TT;NA;NA;NA;NA;NA;NA
RKF266.A0101;RKF266.A0101;RKF266;RK_Unrel_Sarm;Sarm_P;Sarm;F;NA;NA;H35;NO;YES;RK_Sarmatian;NO;;NA;Sarmatian;TT;NA;NA;NA;NA;NA;NA
RKF268.A0101;RKF268.A0101;RKF268;RK_Ped_Sarm;Sarm_P;Sarm;M;J2a(J-L212,J-M410);J2a;H11a;NO;YES;RK_Sarmatian;NO;;NA;Sarmatian;TT;NA;NA;NA;NA;NA;NA
RKF270.A0101;RKF270.A0101;RKF270;RK_Ped_Sarm;Sarm_P;Sarm;F;NA;NA;H11a;NO;YES;RK_Sarmatian;NO;;NA;Sarmatian;TT;NA;NA;NA;NA;NA;NA
RKF271.A0101;RKF271.A0101;RKF271;RK_Ped_Sarm;Sarm_P;Sarm;F;NA;NA;T2b23;NO;YES;RK_Sarmatian;NO;;NA;Sarmatian;TT;NA;NA;NA;NA;NA;NA
RKF272.A0101;RKF272.A0101;RKF272;RK_Unrel_Sarm;Sarm_P;Sarm;F;NA;NA;H;NO;YES;RK_Sarmatian;NO;;NA;Sarmatian;TT;NA;NA;NA;NA;NA;NA
RKF273.A0101;RKF273.A0101;RKF273;RK_Ped_Sarm;Sarm_P;Sarm;M;J2a(J-L212,J-M410);J2a;H2a2a1;NO;YES;RK_Sarmatian;NO;;NA;Sarmatian;TT;NA;NA;NA;NA;NA;NA
RKF276.A0101;RKF276.A0101;RKF276;RK_Unrel_Sarm;Sarm_P;Sarm;F;NA;NA;U5a1a2a1a;NO;YES;RK_Sarmatian;NO;;NA;Sarmatian;TT;NA;NA;NA;NA;NA;NA
RKF278.A0101;RKF278.A0101;RKF278;RK_Unrel_Gep_P;Gep_P;Gep_P;F;NA;NA;U5a1b1c1;NO;YES;RK_Gepid;YES;;NA;Gepid;TT;NA;NA;NA;NA;NA;NA
RKF280.A0101;RKF280.A0101;RKF280;RK_Ped_Sarm;Sarm_P;Sarm;M;I1a2a1a1(I-Z2535);I1a;T2b23;NO;YES;RK_Sarmatian;NO;;NA;Sarmatian;TT;NA;NA;NA;NA;NA;NA
RKO003.A0101;RKO003.A0101;RKO003;RK_Unrel_LSarHunP;LSarHunP;LSarHunP;M;I1a3(I-Z63);I1a;U5b1b1+@16192;NO;YES;RK_LSarHunP;NO;;NA;LSarHunP;TT;NA;NA;NA;NA;NA;NA
RKO007.A0101;RKO007.A0101;RKO007;RK_Unrel_Gep_P;Gep_P;Gep_P;M;I1a2(I-Z58);I1a;K1b2a1;NO;YES;RK_Gepid;NO;;NA;Gepid;TT;NA;NA;NA;NA;NA;NA
RKO008.A0101;RKO008.A0101;RKO008;RK_Unrel_Avar;RK_Unrelated;?;M;I2a1b(I-M423);I2a;H10a;YES;YES;RK;NO;;NA;Avar;TT;NA;NA;NA;NA;NA;NA
RKO009.A0101;RKO009.A0101;RKO009;RK_Unrel_Avar;RK_Unrelated;?;M;R1a1a1b1a1b1(R-L1029);R1a;U5a1d2a1;YES;YES;RK;NO;;NA;Avar;TT;NA;NA;NA;NA;NA;NA
RKO012.A0101;RKO012.A0101;RKO012;RK_Unrel_LSarHunP;LSarHunP;LSarHunP;M;R1a1a1b(R-Z647,R-Z645);R1a;J1c+16261;NO;YES;RK_LSarHunP;NO;;NA;LSarHunP;TT;NA;NA;NA;NA;NA;NA
RKO013.A0101;RKO013.A0101;RKO013;RK_Unrel_LSarHunP;LSarHunP;LSarHunP;F;NA;NA;T1a1;NO;YES;RK_LSarHunP;NO;;NA;LSarHunP;TT;NA;NA;NA;NA;NA;NA
RKO014.A0101;RKO014.A0101;RKO014;RK_Unrel_LSarHunP;LSarHunP;LSarHunP;F;NA;NA;J1;NO;YES;RK_LSarHunP;NO;;NA;LSarHunP;TT;NA;NA;NA;NA;NA;NA
RKO016.A0101;RKO016.A0101;RKO016;RK_Unrel_LSarHunP;LSarHunP;LSarHunP;M;E1b1b1a1b1(E-CTS1773,E-L618);E1b;H3v+16093;NO;YES;RK;NO;;NA;Avar;TT;NA;NA;NA;NA;NA;NA
RKO017.A0101;RKO017.A0101;RKO017;Neolithic;Neolithic;Neo;F;NA;NA;H2;YES;YES;RK;NO;;NA;Avar;TT;NA;NA;NA;NA;NA;NA
XXX001.A181014;XXX001.A181014;XXX001.A181014;KEMI;KEMI;NA;M;I2a1b1a2b1~ (CTS4348);I2a;K1a4a1;NO;NO;KEMI;NA;NA;NA;Sarmatian;DTI;NA;NA;NA;NA;NA;NA
XXX001.A181019;XXX001.A181019;XXX001.A181019;KEMI;KEMI;NA;M;I2a1b1a2b1a~ (CTS10743);I2a;K1a4a1;NO;NO;KEMI;NA;NA;NA;Sarmatian;DTI;NA;NA;NA;NA;NA;NA
XXX001.A181021;XXX001.A181021;XXX001.A181021;HAJD;HAJD;NA;F;NA;NA;T2b;NO;NO;HAJD;NA;NA;NA;Sarmatian;TT;NA;NA;NA;NA;NA;NA
XXX001.A181022;XXX001.A181022;XXX001.A181022;HAJD;HAJD;NA;F;NA;NA;H59;NO;NO;HAJD;NA;NA;NA;Sarmatian;TT;NA;NA;NA;NA;NA;NA
XXX001.A181024;XXX001.A181024;XXX001.A181024;HAJD;HAJD;NA;F;NA;NA;J1c3;NO;NO;HAJD;NA;NA;NA;Sarmatian;TT;NA;NA;NA;NA;NA;NA
XXX001.A181025;XXX001.A181025;XXX001.A181025;HAJD;HAJD;NA;M;G2a1a1a1a1a1 (FGC725);G2a;T2b;NO;NO;HAJD;NA;NA;NA;Sarmatian;TT;NA;NA;NA;NA;NA;NA
XXX001.A181026;XXX001.A181026;XXX001.A181026;HAJD;HAJD;NA;F;NA;NA;HV0;NO;NO;HAJD;NA;NA;NA;Sarmatian;TT;NA;NA;NA;NA;NA;NA
XXX001.A181027;XXX001.A181027;XXX001.A181027;HAJD;HAJD;NA;F;NA;NA;H1m;NO;NO;HAJD;NA;NA;NA;Sarmatian;TT;NA;NA;NA;NA;NA;NA